Number,Character,Tier
1,一,1
2,乙,1
3,二,1
4,十,1
5,丁,1
6,厂,1
7,七,1
8,卜,1
9,八,1
10,人,1
11,入,1
12,儿,1
13,匕,1
14,几,1
15,九,1
16,刁,1
17,了,1
18,刀,1
19,力,1
20,乃,1
21,又,1
22,三,1
23,干,1
24,于,1
25,亏,1
26,工,1
27,土,1
28,士,1
29,才,1
30,下,1
31,寸,1
32,大,1
33,丈,1
34,与,1
35,万,1
36,上,1
37,小,1
38,口,1
39,山,1
40,巾,1
41,千,1
42,乞,1
43,川,1
44,亿,1
45,个,1
46,夕,1
47,久,1
48,么,1
49,勺,1
50,凡,1
51,丸,1
52,及,1
53,广,1
54,亡,1
55,门,1
56,丫,1
57,义,1
58,之,1
59,尸,1
60,己,1
61,已,1
62,巳,1
63,弓,1
64,子,1
65,卫,1
66,也,1
67,女,1
68,刃,1
69,飞,1
70,习,1
71,叉,1
72,马,1
73,乡,1
74,丰,1
75,王,1
76,开,1
77,井,1
78,天,1
79,夫,1
80,元,1
81,无,1
82,云,1
83,专,1
84,丐,1
85,扎,1
86,艺,1
87,木,1
88,五,1
89,支,1
90,厅,1
91,不,1
92,犬,1
93,太,1
94,区,1
95,历,1
96,歹,1
97,友,1
98,尤,1
99,匹,1
100,车,1
101,巨,1
102,牙,1
103,屯,1
104,戈,1
105,比,1
106,互,1
107,切,1
108,瓦,1
109,止,1
110,少,1
111,曰,1
112,日,1
113,中,1
114,贝,1
115,冈,1
116,内,1
117,水,1
118,见,1
119,午,1
120,牛,1
121,手,1
122,气,1
123,毛,1
124,壬,1
125,升,1
126,夭,1
127,长,1
128,仁,1
129,什,1
130,片,1
131,仆,1
132,化,1
133,仇,1
134,币,1
135,仍,1
136,仅,1
137,斤,1
138,爪,1
139,反,1
140,介,1
141,父,1
142,从,1
143,仑,1
144,今,1
145,凶,1
146,分,1
147,乏,1
148,公,1
149,仓,1
150,月,1
151,氏,1
152,勿,1
153,欠,1
154,风,1
155,丹,1
156,匀,1
157,乌,1
158,勾,1
159,凤,1
160,六,1
161,文,1
162,亢,1
163,方,1
164,火,1
165,为,1
166,斗,1
167,忆,1
168,计,1
169,订,1
170,户,1
171,认,1
172,冗,1
173,讥,1
174,心,1
175,尺,1
176,引,1
177,丑,1
178,巴,1
179,孔,1
180,队,1
181,办,1
182,以,1
183,允,1
184,予,1
185,邓,1
186,劝,1
187,双,1
188,书,1
189,幻,1
190,玉,1
191,刊,1
192,未,1
193,末,1
194,示,1
195,击,1
196,打,1
197,巧,1
198,正,1
199,扑,1
200,卉,1
201,扒,1
202,功,1
203,扔,1
204,去,1
205,甘,1
206,世,1
207,艾,1
208,古,1
209,节,1
210,本,1
211,术,1
212,可,1
213,丙,1
214,左,1
215,厉,1
216,石,1
217,右,1
218,布,1
219,夯,1
220,戊,1
221,龙,1
222,平,1
223,灭,1
224,轧,1
225,东,1
226,卡,1
227,北,1
228,占,1
229,凸,1
230,卢,1
231,业,1
232,旧,1
233,帅,1
234,归,1
235,旦,1
236,目,1
237,且,1
238,叶,1
239,甲,1
240,申,1
241,叮,1
242,电,1
243,号,1
244,田,1
245,由,1
246,只,1
247,叭,1
248,史,1
249,央,1
250,兄,1
251,叽,1
252,叼,1
253,叫,1
254,叩,1
255,叨,1
256,另,1
257,叹,1
258,冉,1
259,皿,1
260,凹,1
261,囚,1
262,四,1
263,生,1
264,矢,1
265,失,1
266,乍,1
267,禾,1
268,丘,1
269,付,1
270,仗,1
271,代,1
272,仙,1
273,们,1
274,仪,1
275,白,1
276,仔,1
277,他,1
278,斥,1
279,瓜,1
280,乎,1
281,丛,1
282,令,1
283,用,1
284,甩,1
285,印,1
286,尔,1
287,乐,1
288,句,1
289,匆,1
290,册,1
291,卯,1
292,犯,1
293,外,1
294,处,1
295,冬,1
296,鸟,1
297,务,1
298,包,1
299,饥,1
300,主,1
301,市,1
302,立,1
303,冯,1
304,玄,1
305,闪,1
306,兰,1
307,半,1
308,汁,1
309,汇,1
310,头,1
311,汉,1
312,宁,1
313,穴,1
314,它,1
315,讨,1
316,写,1
317,让,1
318,礼,1
319,训,1
320,议,1
321,必,1
322,讯,1
323,记,1
324,永,1
325,司,1
326,尼,1
327,民,1
328,弗,1
329,弘,1
330,出,1
331,辽,1
332,奶,1
333,奴,1
334,召,1
335,加,1
336,皮,1
337,边,1
338,孕,1
339,发,1
340,圣,1
341,对,1
342,台,1
343,矛,1
344,纠,1
345,母,1
346,幼,1
347,丝,1
348,邦,1
349,式,1
350,迂,1
351,刑,1
352,戎,1
353,动,1
354,扛,1
355,寺,1
356,吉,1
357,扣,1
358,考,1
359,托,1
360,老,1
361,巩,1
362,圾,1
363,执,1
364,扩,1
365,扫,1
366,地,1
367,场,1
368,扬,1
369,耳,1
370,芋,1
371,共,1
372,芒,1
373,亚,1
374,芝,1
375,朽,1
376,朴,1
377,机,1
378,权,1
379,过,1
380,臣,1
381,吏,1
382,再,1
383,协,1
384,西,1
385,压,1
386,厌,1
387,戌,1
388,在,1
389,百,1
390,有,1
391,存,1
392,而,1
393,页,1
394,匠,1
395,夸,1
396,夺,1
397,灰,1
398,达,1
399,列,1
400,死,1
401,成,1
402,夹,1
403,夷,1
404,轨,1
405,邪,1
406,尧,1
407,划,1
408,迈,1
409,毕,1
410,至,1
411,此,1
412,贞,1
413,师,1
414,尘,1
415,尖,1
416,劣,1
417,光,1
418,当,1
419,早,1
420,吁,1
421,吐,1
422,吓,1
423,虫,1
424,曲,1
425,团,1
426,吕,1
427,同,1
428,吊,1
429,吃,1
430,因,1
431,吸,1
432,吗,1
433,吆,1
434,屿,1
435,屹,1
436,岁,1
437,帆,1
438,回,1
439,岂,1
440,则,1
441,刚,1
442,网,1
443,肉,1
444,年,1
445,朱,1
446,先,1
447,丢,1
448,廷,1
449,舌,1
450,竹,1
451,迁,1
452,乔,1
453,迄,1
454,伟,1
455,传,1
456,乒,1
457,乓,1
458,休,1
459,伍,1
460,伏,1
461,优,1
462,臼,1
463,伐,1
464,延,1
465,仲,1
466,件,1
467,任,1
468,伤,1
469,价,1
470,伦,1
471,份,1
472,华,1
473,仰,1
474,仿,1
475,伙,1
476,伪,1
477,自,1
478,伊,1
479,血,1
480,向,1
481,似,1
482,后,1
483,行,1
484,舟,1
485,全,1
486,会,1
487,杀,1
488,合,1
489,兆,1
490,企,1
491,众,1
492,爷,1
493,伞,1
494,创,1
495,肌,1
496,肋,1
497,朵,1
498,杂,1
499,危,1
500,旬,1
501,旨,1
502,旭,1
503,负,1
504,匈,1
505,名,1
506,各,1
507,多,1
508,争,1
509,色,1
510,壮,1
511,冲,1
512,妆,1
513,冰,1
514,庄,1
515,庆,1
516,亦,1
517,刘,1
518,齐,1
519,交,1
520,衣,1
521,次,1
522,产,1
523,决,1
524,亥,1
525,充,1
526,妄,1
527,闭,1
528,问,1
529,闯,1
530,羊,1
531,并,1
532,关,1
533,米,1
534,灯,1
535,州,1
536,汗,1
537,污,1
538,江,1
539,汛,1
540,池,1
541,汝,1
542,汤,1
543,忙,1
544,兴,1
545,宇,1
546,守,1
547,宅,1
548,字,1
549,安,1
550,讲,1
551,讳,1
552,军,1
553,讶,1
554,许,1
555,讹,1
556,论,1
557,讼,1
558,农,1
559,讽,1
560,设,1
561,访,1
562,诀,1
563,寻,1
564,那,1
565,迅,1
566,尽,1
567,导,1
568,异,1
569,弛,1
570,孙,1
571,阵,1
572,阳,1
573,收,1
574,阶,1
575,阴,1
576,防,1
577,奸,1
578,如,1
579,妇,1
580,妃,1
581,好,1
582,她,1
583,妈,1
584,戏,1
585,羽,1
586,观,1
587,欢,1
588,买,1
589,红,1
590,驮,1
591,纤,1
592,驯,1
593,约,1
594,级,1
595,纪,1
596,驰,1
597,纫,1
598,巡,1
599,寿,1
600,弄,1
601,麦,1
602,玖,1
603,玛,1
604,形,1
605,进,1
606,戒,1
607,吞,1
608,远,1
609,违,1
610,韧,1
611,运,1
612,扶,1
613,抚,1
614,坛,1
615,技,1
616,坏,1
617,抠,1
618,扰,1
619,扼,1
620,拒,1
621,找,1
622,批,1
623,址,1
624,扯,1
625,走,1
626,抄,1
627,贡,1
628,汞,1
629,坝,1
630,攻,1
631,赤,1
632,折,1
633,抓,1
634,扳,1
635,抡,1
636,扮,1
637,抢,1
638,孝,1
639,坎,1
640,均,1
641,抑,1
642,抛,1
643,投,1
644,坟,1
645,坑,1
646,抗,1
647,坊,1
648,抖,1
649,护,1
650,壳,1
651,志,1
652,块,1
653,扭,1
654,声,1
655,把,1
656,报,1
657,拟,1
658,却,1
659,抒,1
660,劫,1
661,芙,1
662,芜,1
663,苇,1
664,芽,1
665,花,1
666,芹,1
667,芥,1
668,芬,1
669,苍,1
670,芳,1
671,严,1
672,芦,1
673,芯,1
674,劳,1
675,克,1
676,芭,1
677,苏,1
678,杆,1
679,杠,1
680,杜,1
681,材,1
682,村,1
683,杖,1
684,杏,1
685,杉,1
686,巫,1
687,极,1
688,李,1
689,杨,1
690,求,1
691,甫,1
692,匣,1
693,更,1
694,束,1
695,吾,1
696,豆,1
697,两,1
698,酉,1
699,丽,1
700,医,1
701,辰,1
702,励,1
703,否,1
704,还,1
705,尬,1
706,歼,1
707,来,1
708,连,1
709,轩,1
710,步,1
711,卤,1
712,坚,1
713,肖,1
714,旱,1
715,盯,1
716,呈,1
717,时,1
718,吴,1
719,助,1
720,县,1
721,里,1
722,呆,1
723,吱,1
724,吠,1
725,呕,1
726,园,1
727,旷,1
728,围,1
729,呀,1
730,吨,1
731,足,1
732,邮,1
733,男,1
734,困,1
735,吵,1
736,串,1
737,员,1
738,呐,1
739,听,1
740,吟,1
741,吩,1
742,呛,1
743,吻,1
744,吹,1
745,呜,1
746,吭,1
747,吧,1
748,邑,1
749,吼,1
750,囤,1
751,别,1
752,吮,1
753,岖,1
754,岗,1
755,帐,1
756,财,1
757,针,1
758,钉,1
759,牡,1
760,告,1
761,我,1
762,乱,1
763,利,1
764,秃,1
765,秀,1
766,私,1
767,每,1
768,兵,1
769,估,1
770,体,1
771,何,1
772,佐,1
773,佑,1
774,但,1
775,伸,1
776,佃,1
777,作,1
778,伯,1
779,伶,1
780,佣,1
781,低,1
782,你,1
783,住,1
784,位,1
785,伴,1
786,身,1
787,皂,1
788,伺,1
789,佛,1
790,囱,1
791,近,1
792,彻,1
793,役,1
794,返,1
795,余,1
796,希,1
797,坐,1
798,谷,1
799,妥,1
800,含,1
801,邻,1
802,岔,1
803,肝,1
804,肛,1
805,肚,1
806,肘,1
807,肠,1
808,龟,1
809,甸,1
810,免,1
811,狂,1
812,犹,1
813,狈,1
814,角,1
815,删,1
816,条,1
817,彤,1
818,卵,1
819,灸,1
820,岛,1
821,刨,1
822,迎,1
823,饭,1
824,饮,1
825,系,1
826,言,1
827,冻,1
828,状,1
829,亩,1
830,况,1
831,床,1
832,库,1
833,庇,1
834,疗,1
835,吝,1
836,应,1
837,这,1
838,冷,1
839,庐,1
840,序,1
841,辛,1
842,弃,1
843,冶,1
844,忘,1
845,闰,1
846,闲,1
847,间,1
848,闷,1
849,判,1
850,兑,1
851,灶,1
852,灿,1
853,灼,1
854,弟,1
855,汪,1
856,沐,1
857,沛,1
858,汰,1
859,沥,1
860,沙,1
861,汽,1
862,沃,1
863,沦,1
864,汹,1
865,泛,1
866,沧,1
867,没,1
868,沟,1
869,沪,1
870,沈,1
871,沉,1
872,沁,1
873,怀,1
874,忧,1
875,忱,1
876,快,1
877,完,1
878,宋,1
879,宏,1
880,牢,1
881,究,1
882,穷,1
883,灾,1
884,良,1
885,证,1
886,启,1
887,评,1
888,补,1
889,初,1
890,社,1
891,祀,1
892,识,1
893,诈,1
894,诉,1
895,罕,1
896,诊,1
897,词,1
898,译,1
899,君,1
900,灵,1
901,即,1
902,层,1
903,屁,1
904,尿,1
905,尾,1
906,迟,1
907,局,1
908,改,1
909,张,1
910,忌,1
911,际,1
912,陆,1
913,阿,1
914,陈,1
915,阻,1
916,附,1
917,坠,1
918,妓,1
919,妙,1
920,妖,1
921,姊,1
922,妨,1
923,妒,1
924,努,1
925,忍,1
926,劲,1
927,矣,1
928,鸡,1
929,纬,1
930,驱,1
931,纯,1
932,纱,1
933,纲,1
934,纳,1
935,驳,1
936,纵,1
937,纷,1
938,纸,1
939,纹,1
940,纺,1
941,驴,1
942,纽,1
943,奉,1
944,玩,1
945,环,1
946,武,1
947,青,1
948,责,1
949,现,1
950,玫,1
951,表,1
952,规,1
953,抹,1
954,卦,1
955,坷,1
956,坯,1
957,拓,1
958,拢,1
959,拔,1
960,坪,1
961,拣,1
962,坦,1
963,担,1
964,坤,1
965,押,1
966,抽,1
967,拐,1
968,拖,1
969,者,1
970,拍,1
971,顶,1
972,拆,1
973,拎,1
974,拥,1
975,抵,1
976,拘,1
977,势,1
978,抱,1
979,拄,1
980,垃,1
981,拉,1
982,拦,1
983,幸,1
984,拌,1
985,拧,1
986,拂,1
987,拙,1
988,招,1
989,坡,1
990,披,1
991,拨,1
992,择,1
993,抬,1
994,拇,1
995,拗,1
996,其,1
997,取,1
998,茉,1
999,苦,1
1000,昔,1
1001,苛,1
1002,若,1
1003,茂,1
1004,苹,1
1005,苗,1
1006,英,1
1007,苟,1
1008,苑,1
1009,苞,1
1010,范,1
1011,直,1
1012,茁,1
1013,茄,1
1014,茎,1
1015,苔,1
1016,茅,1
1017,枉,1
1018,林,1
1019,枝,1
1020,杯,1
1021,枢,1
1022,柜,1
1023,枚,1
1024,析,1
1025,板,1
1026,松,1
1027,枪,1
1028,枫,1
1029,构,1
1030,杭,1
1031,杰,1
1032,述,1
1033,枕,1
1034,丧,1
1035,或,1
1036,画,1
1037,卧,1
1038,事,1
1039,刺,1
1040,枣,1
1041,雨,1
1042,卖,1
1043,郁,1
1044,矾,1
1045,矿,1
1046,码,1
1047,厕,1
1048,奈,1
1049,奔,1
1050,奇,1
1051,奋,1
1052,态,1
1053,欧,1
1054,殴,1
1055,垄,1
1056,妻,1
1057,轰,1
1058,顷,1
1059,转,1
1060,斩,1
1061,轮,1
1062,软,1
1063,到,1
1064,非,1
1065,叔,1
1066,歧,1
1067,肯,1
1068,齿,1
1069,些,1
1070,卓,1
1071,虎,1
1072,虏,1
1073,肾,1
1074,贤,1
1075,尚,1
1076,旺,1
1077,具,1
1078,味,1
1079,果,1
1080,昆,1
1081,国,1
1082,哎,1
1083,咕,1
1084,昌,1
1085,呵,1
1086,畅,1
1087,明,1
1088,易,1
1089,咙,1
1090,昂,1
1091,迪,1
1092,典,1
1093,固,1
1094,忠,1
1095,呻,1
1096,咒,1
1097,咋,1
1098,咐,1
1099,呼,1
1100,鸣,1
1101,咏,1
1102,呢,1
1103,咄,1
1104,咖,1
1105,岸,1
1106,岩,1
1107,帖,1
1108,罗,1
1109,帜,1
1110,帕,1
1111,岭,1
1112,凯,1
1113,败,1
1114,账,1
1115,贩,1
1116,贬,1
1117,购,1
1118,贮,1
1119,图,1
1120,钓,1
1121,制,1
1122,知,1
1123,迭,1
1124,氛,1
1125,垂,1
1126,牧,1
1127,物,1
1128,乖,1
1129,刮,1
1130,秆,1
1131,和,1
1132,季,1
1133,委,1
1134,秉,1
1135,佳,1
1136,侍,1
1137,岳,1
1138,供,1
1139,使,1
1140,例,1
1141,侠,1
1142,侥,1
1143,版,1
1144,侄,1
1145,侦,1
1146,侣,1
1147,侧,1
1148,凭,1
1149,侨,1
1150,佩,1
1151,货,1
1152,侈,1
1153,依,1
1154,卑,1
1155,的,1
1156,迫,1
1157,质,1
1158,欣,1
1159,征,1
1160,往,1
1161,爬,1
1162,彼,1
1163,径,1
1164,所,1
1165,舍,1
1166,金,1
1167,刹,1
1168,命,1
1169,肴,1
1170,斧,1
1171,爸,1
1172,采,1
1173,觅,1
1174,受,1
1175,乳,1
1176,贪,1
1177,念,1
1178,贫,1
1179,忿,1
1180,肤,1
1181,肺,1
1182,肢,1
1183,肿,1
1184,胀,1
1185,朋,1
1186,股,1
1187,肮,1
1188,肪,1
1189,肥,1
1190,服,1
1191,胁,1
1192,周,1
1193,昏,1
1194,鱼,1
1195,兔,1
1196,狐,1
1197,忽,1
1198,狗,1
1199,狞,1
1200,备,1
1201,饰,1
1202,饱,1
1203,饲,1
1204,变,1
1205,京,1
1206,享,1
1207,庞,1
1208,店,1
1209,夜,1
1210,庙,1
1211,府,1
1212,底,1
1213,疟,1
1214,疙,1
1215,疚,1
1216,剂,1
1217,卒,1
1218,郊,1
1219,庚,1
1220,废,1
1221,净,1
1222,盲,1
1223,放,1
1224,刻,1
1225,育,1
1226,氓,1
1227,闸,1
1228,闹,1
1229,郑,1
1230,券,1
1231,卷,1
1232,单,1
1233,炬,1
1234,炒,1
1235,炊,1
1236,炕,1
1237,炎,1
1238,炉,1
1239,沫,1
1240,浅,1
1241,法,1
1242,泄,1
1243,沽,1
1244,河,1
1245,沾,1
1246,泪,1
1247,沮,1
1248,油,1
1249,泊,1
1250,沿,1
1251,泡,1
1252,注,1
1253,泣,1
1254,泞,1
1255,泻,1
1256,泌,1
1257,泳,1
1258,泥,1
1259,沸,1
1260,沼,1
1261,波,1
1262,泼,1
1263,泽,1
1264,治,1
1265,怔,1
1266,怯,1
1267,怖,1
1268,性,1
1269,怕,1
1270,怜,1
1271,怪,1
1272,怡,1
1273,学,1
1274,宝,1
1275,宗,1
1276,定,1
1277,宠,1
1278,宜,1
1279,审,1
1280,宙,1
1281,官,1
1282,空,1
1283,帘,1
1284,宛,1
1285,实,1
1286,试,1
1287,郎,1
1288,诗,1
1289,肩,1
1290,房,1
1291,诚,1
1292,衬,1
1293,衫,1
1294,视,1
1295,祈,1
1296,话,1
1297,诞,1
1298,诡,1
1299,询,1
1300,该,1
1301,详,1
1302,建,1
1303,肃,1
1304,录,1
1305,隶,1
1306,帚,1
1307,屉,1
1308,居,1
1309,届,1
1310,刷,1
1311,屈,1
1312,弧,1
1313,弥,1
1314,弦,1
1315,承,1
1316,孟,1
1317,陋,1
1318,陌,1
1319,孤,1
1320,陕,1
1321,降,1
1322,函,1
1323,限,1
1324,妹,1
1325,姑,1
1326,姐,1
1327,姓,1
1328,妮,1
1329,始,1
1330,姆,1
1331,迢,1
1332,驾,1
1333,叁,1
1334,参,1
1335,艰,1
1336,线,1
1337,练,1
1338,组,1
1339,绅,1
1340,细,1
1341,驶,1
1342,织,1
1343,驹,1
1344,终,1
1345,驻,1
1346,绊,1
1347,驼,1
1348,绍,1
1349,绎,1
1350,经,1
1351,贯,1
1352,契,1
1353,贰,1
1354,奏,1
1355,春,1
1356,帮,1
1357,玷,1
1358,珍,1
1359,玲,1
1360,珊,1
1361,玻,1
1362,毒,1
1363,型,1
1364,拭,1
1365,挂,1
1366,封,1
1367,持,1
1368,拷,1
1369,拱,1
1370,项,1
1371,垮,1
1372,挎,1
1373,城,1
1374,挟,1
1375,挠,1
1376,政,1
1377,赴,1
1378,赵,1
1379,挡,1
1380,拽,1
1381,哉,1
1382,挺,1
1383,括,1
1384,垢,1
1385,拴,1
1386,拾,1
1387,挑,1
1388,垛,1
1389,指,1
1390,垫,1
1391,挣,1
1392,挤,1
1393,拼,1
1394,挖,1
1395,按,1
1396,挥,1
1397,挪,1
1398,拯,1
1399,某,1
1400,甚,1
1401,荆,1
1402,茸,1
1403,革,1
1404,茬,1
1405,荐,1
1406,巷,1
1407,带,1
1408,草,1
1409,茧,1
1410,茵,1
1411,茶,1
1412,荒,1
1413,茫,1
1414,荡,1
1415,荣,1
1416,荤,1
1417,荧,1
1418,故,1
1419,胡,1
1420,荫,1
1421,荔,1
1422,南,1
1423,药,1
1424,标,1
1425,栈,1
1426,柑,1
1427,枯,1
1428,柄,1
1429,栋,1
1430,相,1
1431,查,1
1432,柏,1
1433,栅,1
1434,柳,1
1435,柱,1
1436,柿,1
1437,栏,1
1438,柠,1
1439,树,1
1440,勃,1
1441,要,1
1442,柬,1
1443,咸,1
1444,威,1
1445,歪,1
1446,研,1
1447,砖,1
1448,厘,1
1449,厚,1
1450,砌,1
1451,砂,1
1452,泵,1
1453,砚,1
1454,砍,1
1455,面,1
1456,耐,1
1457,耍,1
1458,牵,1
1459,鸥,1
1460,残,1
1461,殃,1
1462,轴,1
1463,轻,1
1464,鸦,1
1465,皆,1
1466,韭,1
1467,背,1
1468,战,1
1469,点,1
1470,虐,1
1471,临,1
1472,览,1
1473,竖,1
1474,省,1
1475,削,1
1476,尝,1
1477,昧,1
1478,盹,1
1479,是,1
1480,盼,1
1481,眨,1
1482,哇,1
1483,哄,1
1484,哑,1
1485,显,1
1486,冒,1
1487,映,1
1488,星,1
1489,昨,1
1490,咧,1
1491,昭,1
1492,畏,1
1493,趴,1
1494,胃,1
1495,贵,1
1496,界,1
1497,虹,1
1498,虾,1
1499,蚁,1
1500,思,1
1501,蚂,1
1502,虽,1
1503,品,1
1504,咽,1
1505,骂,1
1506,勋,1
1507,哗,1
1508,咱,1
1509,响,1
1510,哈,1
1511,哆,1
1512,咬,1
1513,咳,1
1514,咪,1
1515,哪,1
1516,哟,1
1517,炭,1
1518,峡,1
1519,罚,1
1520,贱,1
1521,贴,1
1522,贻,1
1523,骨,1
1524,幽,1
1525,钙,1
1526,钝,1
1527,钞,1
1528,钟,1
1529,钢,1
1530,钠,1
1531,钥,1
1532,钦,1
1533,钧,1
1534,钩,1
1535,钮,1
1536,卸,1
1537,缸,1
1538,拜,1
1539,看,1
1540,矩,1
1541,毡,1
1542,氢,1
1543,怎,1
1544,牲,1
1545,选,1
1546,适,1
1547,秒,1
1548,香,1
1549,种,1
1550,秋,1
1551,科,1
1552,重,1
1553,复,1
1554,竿,1
1555,段,1
1556,便,1
1557,俩,1
1558,贷,1
1559,顺,1
1560,修,1
1561,俏,1
1562,保,1
1563,促,1
1564,俄,1
1565,俐,1
1566,侮,1
1567,俭,1
1568,俗,1
1569,俘,1
1570,信,1
1571,皇,1
1572,泉,1
1573,鬼,1
1574,侵,1
1575,禹,1
1576,侯,1
1577,追,1
1578,俊,1
1579,盾,1
1580,待,1
1581,徊,1
1582,衍,1
1583,律,1
1584,很,1
1585,须,1
1586,叙,1
1587,剑,1
1588,逃,1
1589,食,1
1590,盆,1
1591,胚,1
1592,胧,1
1593,胆,1
1594,胜,1
1595,胞,1
1596,胖,1
1597,脉,1
1598,胎,1
1599,勉,1
1600,狭,1
1601,狮,1
1602,独,1
1603,狰,1
1604,狡,1
1605,狱,1
1606,狠,1
1607,贸,1
1608,怨,1
1609,急,1
1610,饵,1
1611,饶,1
1612,蚀,1
1613,饺,1
1614,饼,1
1615,峦,1
1616,弯,1
1617,将,1
1618,奖,1
1619,哀,1
1620,亭,1
1621,亮,1
1622,度,1
1623,迹,1
1624,庭,1
1625,疮,1
1626,疯,1
1627,疫,1
1628,疤,1
1629,咨,1
1630,姿,1
1631,亲,1
1632,音,1
1633,帝,1
1634,施,1
1635,闺,1
1636,闻,1
1637,闽,1
1638,阀,1
1639,阁,1
1640,差,1
1641,养,1
1642,美,1
1643,姜,1
1644,叛,1
1645,送,1
1646,类,1
1647,迷,1
1648,籽,1
1649,娄,1
1650,前,1
1651,首,1
1652,逆,1
1653,兹,1
1654,总,1
1655,炼,1
1656,炸,1
1657,烁,1
1658,炮,1
1659,炫,1
1660,烂,1
1661,剃,1
1662,洼,1
1663,洁,1
1664,洪,1
1665,洒,1
1666,柒,1
1667,浇,1
1668,浊,1
1669,洞,1
1670,测,1
1671,洗,1
1672,活,1
1673,派,1
1674,洽,1
1675,染,1
1676,洛,1
1677,浏,1
1678,济,1
1679,洋,1
1680,洲,1
1681,浑,1
1682,浓,1
1683,津,1
1684,恃,1
1685,恒,1
1686,恢,1
1687,恍,1
1688,恬,1
1689,恤,1
1690,恰,1
1691,恼,1
1692,恨,1
1693,举,1
1694,觉,1
1695,宣,1
1696,宦,1
1697,室,1
1698,宫,1
1699,宪,1
1700,突,1
1701,穿,1
1702,窃,1
1703,客,1
1704,诫,1
1705,冠,1
1706,诬,1
1707,语,1
1708,扁,1
1709,袄,1
1710,祖,1
1711,神,1
1712,祝,1
1713,祠,1
1714,误,1
1715,诱,1
1716,诲,1
1717,说,1
1718,诵,1
1719,垦,1
1720,退,1
1721,既,1
1722,屋,1
1723,昼,1
1724,屏,1
1725,屎,1
1726,费,1
1727,陡,1
1728,逊,1
1729,眉,1
1730,孩,1
1731,陨,1
1732,除,1
1733,险,1
1734,院,1
1735,娃,1
1736,姥,1
1737,姨,1
1738,姻,1
1739,娇,1
1740,姚,1
1741,娜,1
1742,怒,1
1743,架,1
1744,贺,1
1745,盈,1
1746,勇,1
1747,怠,1
1748,癸,1
1749,蚤,1
1750,柔,1
1751,垒,1
1752,绑,1
1753,绒,1
1754,结,1
1755,绕,1
1756,骄,1
1757,绘,1
1758,给,1
1759,绚,1
1760,骆,1
1761,络,1
1762,绝,1
1763,绞,1
1764,骇,1
1765,统,1
1766,耕,1
1767,耘,1
1768,耗,1
1769,耙,1
1770,艳,1
1771,泰,1
1772,秦,1
1773,珠,1
1774,班,1
1775,素,1
1776,匿,1
1777,蚕,1
1778,顽,1
1779,盏,1
1780,匪,1
1781,捞,1
1782,栽,1
1783,捕,1
1784,埂,1
1785,捂,1
1786,振,1
1787,载,1
1788,赶,1
1789,起,1
1790,盐,1
1791,捎,1
1792,捍,1
1793,捏,1
1794,埋,1
1795,捉,1
1796,捆,1
1797,捐,1
1798,损,1
1799,袁,1
1800,捌,1
1801,都,1
1802,哲,1
1803,逝,1
1804,捡,1
1805,挫,1
1806,换,1
1807,挽,1
1808,挚,1
1809,热,1
1810,恐,1
1811,捣,1
1812,壶,1
1813,捅,1
1814,埃,1
1815,挨,1
1816,耻,1
1817,耿,1
1818,耽,1
1819,聂,1
1820,恭,1
1821,莽,1
1822,莱,1
1823,莲,1
1824,莫,1
1825,莉,1
1826,荷,1
1827,获,1
1828,晋,1
1829,恶,1
1830,莹,1
1831,莺,1
1832,真,1
1833,框,1
1834,梆,1
1835,桂,1
1836,桔,1
1837,栖,1
1838,档,1
1839,桐,1
1840,株,1
1841,桥,1
1842,桦,1
1843,栓,1
1844,桃,1
1845,格,1
1846,桩,1
1847,校,1
1848,核,1
1849,样,1
1850,根,1
1851,索,1
1852,哥,1
1853,速,1
1854,逗,1
1855,栗,1
1856,贾,1
1857,酌,1
1858,配,1
1859,翅,1
1860,辱,1
1861,唇,1
1862,夏,1
1863,砸,1
1864,砰,1
1865,砾,1
1866,础,1
1867,破,1
1868,原,1
1869,套,1
1870,逐,1
1871,烈,1
1872,殊,1
1873,殉,1
1874,顾,1
1875,轿,1
1876,较,1
1877,顿,1
1878,毙,1
1879,致,1
1880,柴,1
1881,桌,1
1882,虑,1
1883,监,1
1884,紧,1
1885,党,1
1886,逞,1
1887,晒,1
1888,眠,1
1889,晓,1
1890,哮,1
1891,唠,1
1892,鸭,1
1893,晃,1
1894,哺,1
1895,晌,1
1896,剔,1
1897,晕,1
1898,蚌,1
1899,畔,1
1900,蚣,1
1901,蚊,1
1902,蚪,1
1903,蚓,1
1904,哨,1
1905,哩,1
1906,圃,1
1907,哭,1
1908,哦,1
1909,恩,1
1910,鸯,1
1911,唤,1
1912,唁,1
1913,哼,1
1914,唧,1
1915,啊,1
1916,唉,1
1917,唆,1
1918,罢,1
1919,峭,1
1920,峨,1
1921,峰,1
1922,圆,1
1923,峻,1
1924,贼,1
1925,贿,1
1926,赂,1
1927,赃,1
1928,钱,1
1929,钳,1
1930,钻,1
1931,钾,1
1932,铁,1
1933,铃,1
1934,铅,1
1935,缺,1
1936,氧,1
1937,氨,1
1938,特,1
1939,牺,1
1940,造,1
1941,乘,1
1942,敌,1
1943,秤,1
1944,租,1
1945,积,1
1946,秧,1
1947,秩,1
1948,称,1
1949,秘,1
1950,透,1
1951,笔,1
1952,笑,1
1953,笋,1
1954,债,1
1955,借,1
1956,值,1
1957,倚,1
1958,俺,1
1959,倾,1
1960,倒,1
1961,倘,1
1962,俱,1
1963,倡,1
1964,候,1
1965,赁,1
1966,俯,1
1967,倍,1
1968,倦,1
1969,健,1
1970,臭,1
1971,射,1
1972,躬,1
1973,息,1
1974,倔,1
1975,徒,1
1976,徐,1
1977,殷,1
1978,舰,1
1979,舱,1
1980,般,1
1981,航,1
1982,途,1
1983,拿,1
1984,耸,1
1985,爹,1
1986,舀,1
1987,爱,1
1988,豺,1
1989,豹,1
1990,颁,1
1991,颂,1
1992,翁,1
1993,胰,1
1994,脆,1
1995,脂,1
1996,胸,1
1997,胳,1
1998,脏,1
1999,脐,1
2000,胶,1
2001,脑,1
2002,脓,1
2003,逛,1
2004,狸,1
2005,狼,1
2006,卿,1
2007,逢,1
2008,鸵,1
2009,留,1
2010,鸳,1
2011,皱,1
2012,饿,1
2013,馁,1
2014,凌,1
2015,凄,1
2016,恋,1
2017,桨,1
2018,浆,1
2019,衰,1
2020,衷,1
2021,高,1
2022,郭,1
2023,席,1
2024,准,1
2025,座,1
2026,症,1
2027,病,1
2028,疾,1
2029,斋,1
2030,疹,1
2031,疼,1
2032,疲,1
2033,脊,1
2034,效,1
2035,离,1
2036,紊,1
2037,唐,1
2038,瓷,1
2039,资,1
2040,凉,1
2041,站,1
2042,剖,1
2043,竞,1
2044,部,1
2045,旁,1
2046,旅,1
2047,畜,1
2048,阅,1
2049,羞,1
2050,羔,1
2051,瓶,1
2052,拳,1
2053,粉,1
2054,料,1
2055,益,1
2056,兼,1
2057,烤,1
2058,烘,1
2059,烦,1
2060,烧,1
2061,烛,1
2062,烟,1
2063,烙,1
2064,递,1
2065,涛,1
2066,浙,1
2067,涝,1
2068,浦,1
2069,酒,1
2070,涉,1
2071,消,1
2072,涡,1
2073,浩,1
2074,海,1
2075,涂,1
2076,浴,1
2077,浮,1
2078,涣,1
2079,涤,1
2080,流,1
2081,润,1
2082,涧,1
2083,涕,1
2084,浪,1
2085,浸,1
2086,涨,1
2087,烫,1
2088,涩,1
2089,涌,1
2090,悖,1
2091,悟,1
2092,悄,1
2093,悍,1
2094,悔,1
2095,悯,1
2096,悦,1
2097,害,1
2098,宽,1
2099,家,1
2100,宵,1
2101,宴,1
2102,宾,1
2103,窍,1
2104,窄,1
2105,容,1
2106,宰,1
2107,案,1
2108,请,1
2109,朗,1
2110,诸,1
2111,诺,1
2112,读,1
2113,扇,1
2114,诽,1
2115,袜,1
2116,袖,1
2117,袍,1
2118,被,1
2119,祥,1
2120,课,1
2121,冥,1
2122,谁,1
2123,调,1
2124,冤,1
2125,谅,1
2126,谆,1
2127,谈,1
2128,谊,1
2129,剥,1
2130,恳,1
2131,展,1
2132,剧,1
2133,屑,1
2134,弱,1
2135,陵,1
2136,祟,1
2137,陶,1
2138,陷,1
2139,陪,1
2140,娱,1
2141,娟,1
2142,恕,1
2143,娥,1
2144,娘,1
2145,通,1
2146,能,1
2147,难,1
2148,预,1
2149,桑,1
2150,绢,1
2151,绣,1
2152,验,1
2153,继,1
2154,骏,1
2155,球,1
2156,琐,1
2157,理,1
2158,琉,1
2159,琅,1
2160,捧,1
2161,堵,1
2162,措,1
2163,描,1
2164,域,1
2165,捺,1
2166,掩,1
2167,捷,1
2168,排,1
2169,焉,1
2170,掉,1
2171,捶,1
2172,赦,1
2173,堆,1
2174,推,1
2175,埠,1
2176,掀,1
2177,授,1
2178,捻,1
2179,教,1
2180,掏,1
2181,掐,1
2182,掠,1
2183,掂,1
2184,培,1
2185,接,1
2186,掷,1
2187,控,1
2188,探,1
2189,据,1
2190,掘,1
2191,掺,1
2192,职,1
2193,基,1
2194,聆,1
2195,勘,1
2196,聊,1
2197,娶,1
2198,著,1
2199,菱,1
2200,勒,1
2201,黄,1
2202,菲,1
2203,萌,1
2204,萝,1
2205,菌,1
2206,萎,1
2207,菜,1
2208,萄,1
2209,菊,1
2210,菩,1
2211,萍,1
2212,菠,1
2213,萤,1
2214,营,1
2215,乾,1
2216,萧,1
2217,萨,1
2218,菇,1
2219,械,1
2220,彬,1
2221,梦,1
2222,婪,1
2223,梗,1
2224,梧,1
2225,梢,1
2226,梅,1
2227,检,1
2228,梳,1
2229,梯,1
2230,桶,1
2231,梭,1
2232,救,1
2233,曹,1
2234,副,1
2235,票,1
2236,酝,1
2237,酗,1
2238,厢,1
2239,戚,1
2240,硅,1
2241,硕,1
2242,奢,1
2243,盔,1
2244,爽,1
2245,聋,1
2246,袭,1
2247,盛,1
2248,匾,1
2249,雪,1
2250,辅,1
2251,辆,1
2252,颅,1
2253,虚,1
2254,彪,1
2255,雀,1
2256,堂,1
2257,常,1
2258,眶,1
2259,匙,1
2260,晨,1
2261,睁,1
2262,眯,1
2263,眼,1
2264,悬,1
2265,野,1
2266,啪,1
2267,啦,1
2268,曼,1
2269,晦,1
2270,晚,1
2271,啄,1
2272,啡,1
2273,距,1
2274,趾,1
2275,啃,1
2276,跃,1
2277,略,1
2278,蚯,1
2279,蛀,1
2280,蛇,1
2281,唬,1
2282,累,1
2283,鄂,1
2284,唱,1
2285,患,1
2286,啰,1
2287,唾,1
2288,唯,1
2289,啤,1
2290,啥,1
2291,啸,1
2292,崖,1
2293,崎,1
2294,崭,1
2295,逻,1
2296,崔,1
2297,帷,1
2298,崩,1
2299,崇,1
2300,崛,1
2301,婴,1
2302,圈,1
2303,铐,1
2304,铛,1
2305,铝,1
2306,铜,1
2307,铭,1
2308,铲,1
2309,银,1
2310,矫,1
2311,甜,1
2312,秸,1
2313,梨,1
2314,犁,1
2315,秽,1
2316,移,1
2317,笨,1
2318,笼,1
2319,笛,1
2320,笙,1
2321,符,1
2322,第,1
2323,敏,1
2324,做,1
2325,袋,1
2326,悠,1
2327,偿,1
2328,偶,1
2329,偎,1
2330,偷,1
2331,您,1
2332,售,1
2333,停,1
2334,偏,1
2335,躯,1
2336,兜,1
2337,假,1
2338,衅,1
2339,徘,1
2340,徙,1
2341,得,1
2342,衔,1
2343,盘,1
2344,舶,1
2345,船,1
2346,舵,1
2347,斜,1
2348,盒,1
2349,鸽,1
2350,敛,1
2351,悉,1
2352,欲,1
2353,彩,1
2354,领,1
2355,脚,1
2356,脖,1
2357,脯,1
2358,豚,1
2359,脸,1
2360,脱,1
2361,象,1
2362,够,1
2363,逸,1
2364,猜,1
2365,猪,1
2366,猎,1
2367,猫,1
2368,凰,1
2369,猖,1
2370,猛,1
2371,祭,1
2372,馅,1
2373,馆,1
2374,凑,1
2375,减,1
2376,毫,1
2377,烹,1
2378,庶,1
2379,麻,1
2380,庵,1
2381,痊,1
2382,痒,1
2383,痕,1
2384,廊,1
2385,康,1
2386,庸,1
2387,鹿,1
2388,盗,1
2389,章,1
2390,竟,1
2391,商,1
2392,族,1
2393,旋,1
2394,望,1
2395,率,1
2396,阎,1
2397,阐,1
2398,着,1
2399,羚,1
2400,盖,1
2401,眷,1
2402,粘,1
2403,粗,1
2404,粒,1
2405,断,1
2406,剪,1
2407,兽,1
2408,焊,1
2409,焕,1
2410,清,1
2411,添,1
2412,鸿,1
2413,淋,1
2414,涯,1
2415,淹,1
2416,渠,1
2417,渐,1
2418,淑,1
2419,淌,1
2420,混,1
2421,淮,1
2422,淆,1
2423,渊,1
2424,淫,1
2425,渔,1
2426,淘,1
2427,淳,1
2428,液,1
2429,淤,1
2430,淡,1
2431,淀,1
2432,深,1
2433,涮,1
2434,涵,1
2435,婆,1
2436,梁,1
2437,渗,1
2438,情,1
2439,惜,1
2440,惭,1
2441,悼,1
2442,惧,1
2443,惕,1
2444,惟,1
2445,惊,1
2446,惦,1
2447,悴,1
2448,惋,1
2449,惨,1
2450,惯,1
2451,寇,1
2452,寅,1
2453,寄,1
2454,寂,1
2455,宿,1
2456,窒,1
2457,窑,1
2458,密,1
2459,谋,1
2460,谍,1
2461,谎,1
2462,谐,1
2463,袱,1
2464,祷,1
2465,祸,1
2466,谓,1
2467,谚,1
2468,谜,1
2469,逮,1
2470,敢,1
2471,尉,1
2472,屠,1
2473,弹,1
2474,隋,1
2475,堕,1
2476,随,1
2477,蛋,1
2478,隅,1
2479,隆,1
2480,隐,1
2481,婚,1
2482,婶,1
2483,婉,1
2484,颇,1
2485,颈,1
2486,绩,1
2487,绪,1
2488,续,1
2489,骑,1
2490,绰,1
2491,绳,1
2492,维,1
2493,绵,1
2494,绷,1
2495,绸,1
2496,综,1
2497,绽,1
2498,绿,1
2499,缀,1
2500,巢,1
2501,琴,1
2502,琳,1
2503,琢,1
2504,琼,1
2505,斑,1
2506,替,1
2507,揍,1
2508,款,1
2509,堪,1
2510,塔,1
2511,搭,1
2512,堰,1
2513,揩,1
2514,越,1
2515,趁,1
2516,趋,1
2517,超,1
2518,揽,1
2519,堤,1
2520,提,1
2521,博,1
2522,揭,1
2523,喜,1
2524,彭,1
2525,揣,1
2526,插,1
2527,揪,1
2528,搜,1
2529,煮,1
2530,援,1
2531,搀,1
2532,裁,1
2533,搁,1
2534,搓,1
2535,搂,1
2536,搅,1
2537,壹,1
2538,握,1
2539,搔,1
2540,揉,1
2541,斯,1
2542,期,1
2543,欺,1
2544,联,1
2545,葫,1
2546,散,1
2547,惹,1
2548,葬,1
2549,募,1
2550,葛,1
2551,董,1
2552,葡,1
2553,敬,1
2554,葱,1
2555,蒋,1
2556,蒂,1
2557,落,1
2558,韩,1
2559,朝,1
2560,辜,1
2561,葵,1
2562,棒,1
2563,棱,1
2564,棋,1
2565,椰,1
2566,植,1
2567,森,1
2568,焚,1
2569,椅,1
2570,椒,1
2571,棵,1
2572,棍,1
2573,椎,1
2574,棉,1
2575,棚,1
2576,棕,1
2577,棺,1
2578,榔,1
2579,椭,1
2580,惠,1
2581,惑,1
2582,逼,1
2583,粟,1
2584,棘,1
2585,酣,1
2586,酥,1
2587,厨,1
2588,厦,1
2589,硬,1
2590,硝,1
2591,确,1
2592,硫,1
2593,雁,1
2594,殖,1
2595,裂,1
2596,雄,1
2597,颊,1
2598,雳,1
2599,暂,1
2600,雅,1
2601,翘,1
2602,辈,1
2603,悲,1
2604,紫,1
2605,凿,1
2606,辉,1
2607,敞,1
2608,棠,1
2609,赏,1
2610,掌,1
2611,晴,1
2612,睐,1
2613,暑,1
2614,最,1
2615,晰,1
2616,量,1
2617,鼎,1
2618,喷,1
2619,喳,1
2620,晶,1
2621,喇,1
2622,遇,1
2623,喊,1
2624,遏,1
2625,晾,1
2626,景,1
2627,畴,1
2628,践,1
2629,跋,1
2630,跌,1
2631,跑,1
2632,跛,1
2633,遗,1
2634,蛙,1
2635,蛛,1
2636,蜓,1
2637,蜒,1
2638,蛤,1
2639,喝,1
2640,鹃,1
2641,喂,1
2642,喘,1
2643,喉,1
2644,喻,1
2645,啼,1
2646,喧,1
2647,嵌,1
2648,幅,1
2649,帽,1
2650,赋,1
2651,赌,1
2652,赎,1
2653,赐,1
2654,赔,1
2655,黑,1
2656,铸,1
2657,铺,1
2658,链,1
2659,销,1
2660,锁,1
2661,锄,1
2662,锅,1
2663,锈,1
2664,锋,1
2665,锌,1
2666,锐,1
2667,甥,1
2668,掰,1
2669,短,1
2670,智,1
2671,氮,1
2672,毯,1
2673,氯,1
2674,鹅,1
2675,剩,1
2676,稍,1
2677,程,1
2678,稀,1
2679,税,1
2680,筐,1
2681,等,1
2682,筑,1
2683,策,1
2684,筛,1
2685,筒,1
2686,筏,1
2687,答,1
2688,筋,1
2689,筝,1
2690,傲,1
2691,傅,1
2692,牌,1
2693,堡,1
2694,集,1
2695,焦,1
2696,傍,1
2697,储,1
2698,皓,1
2699,皖,1
2700,粤,1
2701,奥,1
2702,街,1
2703,惩,1
2704,御,1
2705,循,1
2706,艇,1
2707,舒,1
2708,逾,1
2709,番,1
2710,释,1
2711,禽,1
2712,腊,1
2713,脾,1
2714,腋,1
2715,腔,1
2716,腕,1
2717,鲁,1
2718,猩,1
2719,猬,1
2720,猾,1
2721,猴,1
2722,惫,1
2723,然,1
2724,馈,1
2725,馋,1
2726,装,1
2727,蛮,1
2728,就,1
2729,敦,1
2730,斌,1
2731,痘,1
2732,痢,1
2733,痪,1
2734,痛,1
2735,童,1
2736,竣,1
2737,阔,1
2738,善,1
2739,翔,1
2740,羡,1
2741,普,1
2742,粪,1
2743,尊,1
2744,奠,1
2745,道,1
2746,遂,1
2747,曾,1
2748,焰,1
2749,港,1
2750,滞,1
2751,湖,1
2752,湘,1
2753,渣,1
2754,渤,1
2755,渺,1
2756,湿,1
2757,温,1
2758,渴,1
2759,溃,1
2760,溅,1
2761,滑,1
2762,湃,1
2763,渝,1
2764,湾,1
2765,渡,1
2766,游,1
2767,滋,1
2768,渲,1
2769,溉,1
2770,愤,1
2771,慌,1
2772,惰,1
2773,愕,1
2774,愣,1
2775,惶,1
2776,愧,1
2777,愉,1
2778,慨,1
2779,割,1
2780,寒,1
2781,富,1
2782,寓,1
2783,窜,1
2784,窝,1
2785,窖,1
2786,窗,1
2787,窘,1
2788,遍,1
2789,雇,1
2790,裕,1
2791,裤,1
2792,裙,1
2793,禅,1
2794,禄,1
2795,谢,1
2796,谣,1
2797,谤,1
2798,谦,1
2799,犀,1
2800,属,1
2801,屡,1
2802,强,1
2803,粥,1
2804,疏,1
2805,隔,1
2806,隙,1
2807,隘,1
2808,媒,1
2809,絮,1
2810,嫂,1
2811,媚,1
2812,婿,1
2813,登,1
2814,缅,1
2815,缆,1
2816,缉,1
2817,缎,1
2818,缓,1
2819,缔,1
2820,缕,1
2821,骗,1
2822,编,1
2823,骚,1
2824,缘,1
2825,瑟,1
2826,鹉,1
2827,瑞,1
2828,瑰,1
2829,瑙,1
2830,魂,1
2831,肆,1
2832,摄,1
2833,摸,1
2834,填,1
2835,搏,1
2836,塌,1
2837,鼓,1
2838,摆,1
2839,携,1
2840,搬,1
2841,摇,1
2842,搞,1
2843,塘,1
2844,摊,1
2845,聘,1
2846,斟,1
2847,蒜,1
2848,勤,1
2849,靴,1
2850,靶,1
2851,鹊,1
2852,蓝,1
2853,墓,1
2854,幕,1
2855,蓬,1
2856,蓄,1
2857,蒲,1
2858,蓉,1
2859,蒙,1
2860,蒸,1
2861,献,1
2862,椿,1
2863,禁,1
2864,楚,1
2865,楷,1
2866,榄,1
2867,想,1
2868,槐,1
2869,榆,1
2870,楼,1
2871,概,1
2872,赖,1
2873,酪,1
2874,酬,1
2875,感,1
2876,碍,1
2877,碘,1
2878,碑,1
2879,碎,1
2880,碰,1
2881,碗,1
2882,碌,1
2883,尴,1
2884,雷,1
2885,零1,1
2886,雾,1
2887,雹,1
2888,辐,1
2889,辑,1
2890,输,1
2891,督,1
2892,频,1
2893,龄,1
2894,鉴,1
2895,睛,1
2896,睹,1
2897,睦,1
2898,瞄,1
2899,睫,1
2900,睡,1
2901,睬,1
2902,嗜,1
2903,鄙,1
2904,嗦,1
2905,愚,1
2906,暖,1
2907,盟,1
2908,歇,1
2909,暗,1
2910,暇,1
2911,照,1
2912,畸,1
2913,跨,1
2914,跷,1
2915,跳,1
2916,跺,1
2917,跪,1
2918,路,1
2919,跤,1
2920,跟,1
2921,遣,1
2922,蜈,1
2923,蜗,1
2924,蛾,1
2925,蜂,1
2926,蜕,1
2927,嗅,1
2928,嗡,1
2929,嗓,1
2930,署,1
2931,置,1
2932,罪,1
2933,罩,1
2934,蜀,1
2935,幌,1
2936,错,1
2937,锚,1
2938,锡,1
2939,锣,1
2940,锤,1
2941,锥,1
2942,锦,1
2943,键,1
2944,锯,1
2945,锰,1
2946,矮,1
2947,辞,1
2948,稚,1
2949,稠,1
2950,颓,1
2951,愁,1
2952,筹,1
2953,签,1
2954,简,1
2955,筷,1
2956,毁,1
2957,舅,1
2958,鼠,1
2959,催,1
2960,傻,1
2961,像,1
2962,躲,1
2963,魁,1
2964,衙,1
2965,微,1
2966,愈,1
2967,遥,1
2968,腻,1
2969,腰,1
2970,腥,1
2971,腮,1
2972,腹,1
2973,腺,1
2974,鹏,1
2975,腾,1
2976,腿,1
2977,鲍,1
2978,猿,1
2979,颖,1
2980,触,1
2981,解,1
2982,煞,1
2983,雏,1
2984,馍,1
2985,馏,1
2986,酱,1
2987,禀,1
2988,痹,1
2989,廓,1
2990,痴,1
2991,痰,1
2992,廉,1
2993,靖,1
2994,新,1
2995,韵,1
2996,意,1
2997,誊,1
2998,粮,1
2999,数,1
3000,煎,1
3001,塑,1
3002,慈,1
3003,煤,1
3004,煌,1
3005,满,1
3006,漠,1
3007,滇,1
3008,源,1
3009,滤,1
3010,滥,1
3011,滔,1
3012,溪,1
3013,溜,1
3014,漓,1
3015,滚,1
3016,溢,1
3017,溯,1
3018,滨,1
3019,溶,1
3020,溺,1
3021,粱,1
3022,滩,1
3023,慎,1
3024,誉,1
3025,塞,1
3026,寞,1
3027,窥,1
3028,窟,1
3029,寝,1
3030,谨,1
3031,褂,1
3032,裸,1
3033,福,1
3034,谬,1
3035,群,1
3036,殿,1
3037,辟,1
3038,障,1
3039,媳,1
3040,嫉,1
3041,嫌,1
3042,嫁,1
3043,叠,1
3044,缚,1
3045,缝,1
3046,缠,1
3047,缤,1
3048,剿,1
3049,静,1
3050,碧,1
3051,璃,1
3052,赘,1
3053,熬,1
3054,墙,1
3055,墟,1
3056,嘉,1
3057,摧,1
3058,赫,1
3059,截,1
3060,誓,1
3061,境,1
3062,摘,1
3063,摔,1
3064,撇,1
3065,聚,1
3066,慕,1
3067,暮,1
3068,摹,1
3069,蔓,1
3070,蔑,1
3071,蔡,1
3072,蔗,1
3073,蔽,1
3074,蔼,1
3075,熙,1
3076,蔚,1
3077,兢,1
3078,模,1
3079,槛,1
3080,榴,1
3081,榜,1
3082,榨,1
3083,榕,1
3084,歌,1
3085,遭,1
3086,酵,1
3087,酷,1
3088,酿,1
3089,酸,1
3090,碟,1
3091,碱,1
3092,碳,1
3093,磁,1
3094,愿,1
3095,需,1
3096,辖,1
3097,辗,1
3098,雌,1
3099,裳,1
3100,颗,1
3101,瞅,1
3102,墅,1
3103,嗽,1
3104,踊,1
3105,蜻,1
3106,蜡,1
3107,蝇,1
3108,蜘,1
3109,蝉,1
3110,嘛,1
3111,嘀,1
3112,赚,1
3113,锹,1
3114,锻,1
3115,镀,1
3116,舞,1
3117,舔,1
3118,稳,1
3119,熏,1
3120,箕,1
3121,算,1
3122,箩,1
3123,管,1
3124,箫,1
3125,舆,1
3126,僚,1
3127,僧,1
3128,鼻,1
3129,魄,1
3130,魅,1
3131,貌,1
3132,膜,1
3133,膊,1
3134,膀,1
3135,鲜,1
3136,疑,1
3137,孵,1
3138,馒,1
3139,裹,1
3140,敲,1
3141,豪,1
3142,膏,1
3143,遮,1
3144,腐,1
3145,瘩,1
3146,瘟,1
3147,瘦,1
3148,辣,1
3149,彰,1
3150,竭,1
3151,端,1
3152,旗,1
3153,精,1
3154,粹,1
3155,歉,1
3156,弊,1
3157,熄,1
3158,熔,1
3159,煽,1
3160,潇,1
3161,漆,1
3162,漱,1
3163,漂,1
3164,漫,1
3165,滴,1
3166,漾,1
3167,演,1
3168,漏,1
3169,慢,1
3170,慷,1
3171,寨,1
3172,赛,1
3173,寡,1
3174,察,1
3175,蜜,1
3176,寥,1
3177,谭,1
3178,肇,1
3179,褐,1
3180,褪,1
3181,谱,1
3182,隧,1
3183,嫩,1
3184,翠,1
3185,熊,1
3186,凳,1
3187,骡,1
3188,缩,1
3189,慧,1
3190,撵,1
3191,撕,1
3192,撒,1
3193,撩,1
3194,趣,1
3195,趟,1
3196,撑,1
3197,撮,1
3198,撬,1
3199,播,1
3200,擒,1
3201,墩,1
3202,撞,1
3203,撤,1
3204,增,1
3205,撰,1
3206,聪,1
3207,鞋,1
3208,鞍,1
3209,蕉,1
3210,蕊,1
3211,蔬,1
3212,蕴,1
3213,横,1
3214,槽,1
3215,樱,1
3216,橡,1
3217,樟,1
3218,橄,1
3219,敷,1
3220,豌,1
3221,飘,1
3222,醋,1
3223,醇,1
3224,醉,1
3225,磕,1
3226,磊,1
3227,磅,1
3228,碾,1
3229,震,1
3230,霄,1
3231,霉,1
3232,瞒,1
3233,题,1
3234,暴,1
3235,瞎,1
3236,嘻,1
3237,嘶,1
3238,嘲,1
3239,嘹,1
3240,影,1
3241,踢,1
3242,踏,1
3243,踩,1
3244,踪,1
3245,蝶,1
3246,蝴,1
3247,蝠,1
3248,蝎,1
3249,蝌,1
3250,蝗,1
3251,蝙,1
3252,嘿,1
3253,嘱,1
3254,幢,1
3255,墨,1
3256,镇,1
3257,镐,1
3258,镑,1
3259,靠,1
3260,稽,1
3261,稻,1
3262,黎,1
3263,稿,1
3264,稼,1
3265,箱,1
3266,篓,1
3267,箭,1
3268,篇,1
3269,僵,1
3270,躺,1
3271,僻,1
3272,德,1
3273,艘,1
3274,膝,1
3275,膛,1
3276,鲤,1
3277,鲫,1
3278,熟,1
3279,摩,1
3280,褒,1
3281,瘪,1
3282,瘤,1
3283,瘫,1
3284,凛,1
3285,颜,1
3286,毅,1
3287,糊,1
3288,遵,1
3289,憋,1
3290,潜,1
3291,澎,1
3292,潮,1
3293,潭,1
3294,鲨,1
3295,澳,1
3296,潘,1
3297,澈,1
3298,澜,1
3299,澄,1
3300,懂,1
3301,憔,1
3302,懊,1
3303,憎,1
3304,额,1
3305,翩,1
3306,褥,1
3307,谴,1
3308,鹤,1
3309,憨,1
3310,慰,1
3311,劈,1
3312,履,1
3313,豫,1
3314,缭,1
3315,撼,1
3316,擂,1
3317,操,1
3318,擅,1
3319,燕,1
3320,蕾,1
3321,薯,1
3322,薛,1
3323,薇,1
3324,擎,1
3325,薪,1
3326,薄,1
3327,颠,1
3328,翰,1
3329,噩,1
3330,橱,1
3331,橙,1
3332,橘,1
3333,整,1
3334,融,1
3335,瓢,1
3336,醒,1
3337,霍,1
3338,霎,1
3339,辙,1
3340,冀,1
3341,餐,1
3342,嘴,1
3343,踱,1
3344,蹄,1
3345,蹂,1
3346,蟆,1
3347,螃,1
3348,器,1
3349,噪,1
3350,鹦,1
3351,赠,1
3352,默,1
3353,黔,1
3354,镜,1
3355,赞,1
3356,穆,1
3357,篮,1
3358,篡,1
3359,篷,1
3360,篱,1
3361,儒,1
3362,邀,1
3363,衡,1
3364,膨,1
3365,雕,1
3366,鲸,1
3367,磨,1
3368,瘾,1
3369,瘸,1
3370,凝,1
3371,辨,1
3372,辩,1
3373,糙,1
3374,糖,1
3375,糕,1
3376,燃,1
3377,濒,1
3378,澡,1
3379,激,1
3380,懒,1
3381,憾,1
3382,懈,1
3383,窿,1
3384,壁,1
3385,避,1
3386,缰,1
3387,缴,1
3388,戴,1
3389,擦,1
3390,藉,1
3391,鞠,1
3392,藏,1
3393,藐,1
3394,檬,1
3395,檐,1
3396,檀,1
3397,礁,1
3398,磷,1
3399,霜,1
3400,霞,1
3401,瞭,1
3402,瞧,1
3403,瞬,1
3404,瞳,1
3405,瞩,1
3406,瞪,1
3407,曙,1
3408,蹋,1
3409,蹈,1
3410,螺,1
3411,蟋,1
3412,蟀,1
3413,嚎,1
3414,赡,1
3415,穗,1
3416,魏,1
3417,簧,1
3418,簇,1
3419,繁,1
3420,徽,1
3421,爵,1
3422,朦,1
3423,臊,1
3424,鳄,1
3425,癌,1
3426,辫,1
3427,赢,1
3428,糟,1
3429,糠,1
3430,燥,1
3431,懦,1
3432,豁,1
3433,臀,1
3434,臂,1
3435,翼,1
3436,骤,1
3437,藕,1
3438,鞭,1
3439,藤,1
3440,覆,1
3441,瞻,1
3442,蹦,1
3443,嚣,1
3444,镰,1
3445,翻,1
3446,鳍,1
3447,鹰,1
3448,瀑,1
3449,襟,1
3450,璧,1
3451,戳,1
3452,孽,1
3453,警,1
3454,蘑,1
3455,藻,1
3456,攀,1
3457,曝,1
3458,蹲,1
3459,蹭,1
3460,蹬,1
3461,巅,1
3462,簸,1
3463,簿,1
3464,蟹,1
3465,颤,1
3466,靡,1
3467,癣,1
3468,瓣,1
3469,羹,1
3470,鳖,1
3471,爆,1
3472,疆,1
3473,鬓,1
3474,壤,1
3475,馨,1
3476,耀,1
3477,躁,1
3478,蠕,1
3479,嚼,1
3480,嚷,1
3481,巍,1
3482,籍,1
3483,鳞,1
3484,魔,1
3485,糯,1
3486,灌,1
3487,譬,1
3488,蠢,1
3489,霸,1
3490,露,1
3491,霹,1
3492,躏,1
3493,黯,1
3494,髓,1
3495,赣,1
3496,囊,1
3497,镶,1
3498,瓤,1
3499,罐,1
3500,矗,1
3501,乂,2
3502,乜,2
3503,兀,2
3504,弋,2
3505,孑,2
3506,孓,2
3507,幺,2
3508,亓,2
3509,韦,2
3510,廿,2
3511,丏,2
3512,卅,2
3513,仄,2
3514,厄,2
3515,仃,2
3516,仉,2
3517,仂,2
3518,兮,2
3519,刈,2
3520,爻,2
3521,卞,2
3522,闩,2
3523,讣,2
3524,尹,2
3525,夬,2
3526,爿,2
3527,毋,2
3528,邗,2
3529,邛,2
3530,艽,2
3531,艿,2
3532,札,2
3533,叵,2
3534,匝,2
3535,丕,2
3536,匜,2
3537,劢,2
3538,卟,2
3539,叱,2
3540,叻,2
3541,仨,2
3542,仕,2
3543,仟,2
3544,仡,2
3545,仫,2
3546,仞,2
3547,卮,2
3548,氐,2
3549,犰,2
3550,刍,2
3551,邝,2
3552,邙,2
3553,汀,2
3554,讦,2
3555,讧,2
3556,讪,2
3557,讫,2
3558,尻,2
3559,阡,2
3560,尕,2
3561,弁,2
3562,驭,2
3563,匡,2
3564,耒,2
3565,玎,2
3566,玑,2
3567,邢,2
3568,圩,2
3569,圬,2
3570,圭,2
3571,扦,2
3572,圪,2
3573,圳,2
3574,圹,2
3575,扪,2
3576,圮,2
3577,圯,2
3578,芊,2
3579,芍,2
3580,芄,2
3581,芨,2
3582,芑,2
3583,芎,2
3584,芗,2
3585,亘,2
3586,厍,2
3587,夼,2
3588,戍,2
3589,尥,2
3590,乩,2
3591,旯,2
3592,曳,2
3593,岌,2
3594,屺,2
3595,凼,2
3596,囡,2
3597,钇,2
3598,缶,2
3599,氘,2
3600,氖,2
3601,牝,2
3602,伎,2
3603,伛,2
3604,伢,2
3605,佤,2
3606,仵,2
3607,伥,2
3608,伧,2
3609,伉,2
3610,伫,2
3611,囟,2
3612,汆,2
3613,刖,2
3614,夙,2
3615,旮,2
3616,刎,2
3617,犷,2
3618,犸,2
3619,舛,2
3620,凫,2
3621,邬,2
3622,饧,2
3623,汕,2
3624,汔,2
3625,汐,2
3626,汲,2
3627,汜,2
3628,汊,2
3629,忖,2
3630,忏,2
3631,讴,2
3632,讵,2
3633,祁,2
3634,讷,2
3635,聿,2
3636,艮,2
3637,厾,2
3638,阱,2
3639,阮,2
3640,阪,2
3641,丞,2
3642,妁,2
3643,牟,2
3644,纡,2
3645,纣,2
3646,纥,2
3647,纨,2
3648,玕,2
3649,玙,2
3650,抟,2
3651,抔,2
3652,圻,2
3653,坂,2
3654,坍,2
3655,坞,2
3656,抃,2
3657,抉,2
3658,㧐,2
3659,芫,2
3660,邯,2
3661,芸,2
3662,芾,2
3663,苈,2
3664,苣,2
3665,芷,2
3666,芮,2
3667,苋,2
3668,芼,2
3669,苌,2
3670,苁,2
3671,芩,2
3672,芪,2
3673,芡,2
3674,芟,2
3675,苄,2
3676,苎,2
3677,苡,2
3678,杌,2
3679,杓,2
3680,杞,2
3681,杈,2
3682,忑,2
3683,孛,2
3684,邴,2
3685,邳,2
3686,矶,2
3687,奁,2
3688,豕,2
3689,忒,2
3690,欤,2
3691,轫,2
3692,迓,2
3693,邶,2
3694,忐,2
3695,卣,2
3696,邺,2
3697,旰,2
3698,呋,2
3699,呒,2
3700,呓,2
3701,呔,2
3702,呖,2
3703,呃,2
3704,旸,2
3705,吡,2
3706,町,2
3707,虬,2
3708,呗,2
3709,吽,2
3710,吣,2
3711,吲,2
3712,帏,2
3713,岐,2
3714,岈,2
3715,岘,2
3716,岑,2
3717,岚,2
3718,兕,2
3719,囵,2
3720,囫,2
3721,钊,2
3722,钋,2
3723,钌,2
3724,迕,2
3725,氙,2
3726,氚,2
3727,牤,2
3728,佞,2
3729,邱,2
3730,攸,2
3731,佚,2
3732,佝,2
3733,佟,2
3734,佗,2
3735,伽,2
3736,彷,2
3737,佘,2
3738,佥,2
3739,孚,2
3740,豸,2
3741,坌,2
3742,肟,2
3743,邸,2
3744,奂,2
3745,劬,2
3746,狄,2
3747,狁,2
3748,鸠,2
3749,邹,2
3750,饨,2
3751,饩,2
3752,饪,2
3753,饫,2
3754,饬,2
3755,亨,2
3756,庑,2
3757,庋,2
3758,疔,2
3759,疖,2
3760,肓,2
3761,闱,2
3762,闳,2
3763,闵,2
3764,羌,2
3765,炀,2
3766,沣,2
3767,沅,2
3768,沔,2
3769,沤,2
3770,沌,2
3771,沏,2
3772,沚,2
3773,汩,2
3774,汨,2
3775,沂,2
3776,汾,2
3777,沨,2
3778,汴,2
3779,汶,2
3780,沆,2
3781,沩,2
3782,泐,2
3783,怃,2
3784,怄,2
3785,忡,2
3786,忤,2
3787,忾,2
3788,怅,2
3789,忻,2
3790,忪,2
3791,怆,2
3792,忭,2
3793,忸,2
3794,诂,2
3795,诃,2
3796,诅,2
3797,诋,2
3798,诌,2
3799,诏,2
3800,诒,2
3801,孜,2
3802,陇,2
3803,陀,2
3804,陂,2
3805,陉,2
3806,妍,2
3807,妩,2
3808,妪,2
3809,妣,2
3810,妊,2
3811,妗,2
3812,妫,2
3813,妞,2
3814,姒,2
3815,妤,2
3816,邵,2
3817,劭,2
3818,刭,2
3819,甬,2
3820,邰,2
3821,纭,2
3822,纰,2
3823,纴,2
3824,纶,2
3825,纾,2
3826,玮,2
3827,玡,2
3828,玭,2
3829,玠,2
3830,玢,2
3831,玥,2
3832,玦,2
3833,盂,2
3834,忝,2
3835,匦,2
3836,坩,2
3837,抨,2
3838,拤,2
3839,坫,2
3840,拈,2
3841,垆,2
3842,抻,2
3843,劼,2
3844,拃,2
3845,拊,2
3846,坼,2
3847,坻,2
3848,㧟,2
3849,坨,2
3850,坭,2
3851,抿,2
3852,坳,2
3853,耶,2
3854,苷,2
3855,苯,2
3856,苤,2
3857,茏,2
3858,苫,2
3859,苜,2
3860,苴,2
3861,苒,2
3862,苘,2
3863,茌,2
3864,苻,2
3865,苓,2
3866,茚,2
3867,茆,2
3868,茑,2
3869,茓,2
3870,茔,2
3871,茕,2
3872,茀,2
3873,苕,2
3874,枥,2
3875,枇,2
3876,杪,2
3877,杳,2
3878,枧,2
3879,杵,2
3880,枨,2
3881,枞,2
3882,枋,2
3883,杻,2
3884,杷,2
3885,杼,2
3886,矸,2
3887,砀,2
3888,刳,2
3889,奄,2
3890,瓯,2
3891,殁,2
3892,郏,2
3893,轭,2
3894,郅,2
3895,鸢,2
3896,盱,2
3897,昊,2
3898,昙,2
3899,杲,2
3900,昃,2
3901,咂,2
3902,呸,2
3903,昕,2
3904,昀,2
3905,旻,2
3906,昉,2
3907,炅,2
3908,咔,2
3909,畀,2
3910,虮,2
3911,咀,2
3912,呷,2
3913,黾,2
3914,呱,2
3915,呤,2
3916,咚,2
3917,咆,2
3918,咛,2
3919,呶,2
3920,呣,2
3921,呦,2
3922,咝,2
3923,岢,2
3924,岿,2
3925,岬,2
3926,岫,2
3927,帙,2
3928,岣,2
3929,峁,2
3930,刿,2
3931,迥,2
3932,岷,2
3933,剀,2
3934,帔,2
3935,峄,2
3936,沓,2
3937,囹,2
3938,罔,2
3939,钍,2
3940,钎,2
3941,钏,2
3942,钒,2
3943,钕,2
3944,钗,2
3945,邾,2
3946,迮,2
3947,牦,2
3948,竺,2
3949,迤,2
3950,佶,2
3951,佬,2
3952,佰,2
3953,侑,2
3954,侉,2
3955,臾,2
3956,岱,2
3957,侗,2
3958,侃,2
3959,侏,2
3960,侩,2
3961,佻,2
3962,佾,2
3963,侪,2
3964,佼,2
3965,佯,2
3966,侬,2
3967,帛,2
3968,阜,2
3969,侔,2
3970,徂,2
3971,刽,2
3972,郄,2
3973,怂,2
3974,籴,2
3975,瓮,2
3976,戗,2
3977,肼,2
3978,䏝,2
3979,肽,2
3980,肱,2
3981,肫,2
3982,剁,2
3983,迩,2
3984,郇,2
3985,狙,2
3986,狎,2
3987,狍,2
3988,狒,2
3989,咎,2
3990,炙,2
3991,枭,2
3992,饯,2
3993,饴,2
3994,冽,2
3995,冼,2
3996,庖,2
3997,疠,2
3998,疝,2
3999,疡,2
4000,兖,2
4001,妾,2
4002,劾,2
4003,炜,2
4004,,2
4005,炖,2
4006,炘,2
4007,炝,2
4008,炔,2
4009,泔,2
4010,沭,2
4011,泷,2
4012,泸,2
4013,泱,2
4014,泅,2
4015,泗,2
4016,泠,2
4017,泺,2
4018,泖,2
4019,泫,2
4020,泮,2
4021,沱,2
4022,泯,2
4023,泓,2
4024,泾,2
4025,怙,2
4026,怵,2
4027,怦,2
4028,怛,2
4029,怏,2
4030,怍,2
4031,㤘,2
4032,怩,2
4033,怫,2
4034,怿,2
4035,宕,2
4036,穹,2
4037,宓,2
4038,诓,2
4039,诔,2
4040,诖,2
4041,诘,2
4042,戾,2
4043,诙,2
4044,戽,2
4045,郓,2
4046,衩,2
4047,祆,2
4048,祎,2
4049,祉,2
4050,祇,2
4051,诛,2
4052,诜,2
4053,诟,2
4054,诠,2
4055,诣,2
4056,诤,2
4057,诧,2
4058,诨,2
4059,诩,2
4060,戕,2
4061,孢,2
4062,亟,2
4063,陔,2
4064,妲,2
4065,妯,2
4066,姗,2
4067,帑,2
4068,弩,2
4069,孥,2
4070,驽,2
4071,虱,2
4072,迦,2
4073,迨,2
4074,绀,2
4075,绁,2
4076,绂,2
4077,驷,2
4078,驸,2
4079,绉,2
4080,绌,2
4081,驿,2
4082,骀,2
4083,甾,2
4084,珏,2
4085,珐,2
4086,珂,2
4087,珑,2
4088,玳,2
4089,珀,2
4090,顸,2
4091,珉,2
4092,珈,2
4093,拮,2
4094,垭,2
4095,挝,2
4096,垣,2
4097,挞,2
4098,垤,2
4099,赳,2
4100,贲,2
4101,垱,2
4102,垌,2
4103,郝,2
4104,垧,2
4105,垓,2
4106,挦,2
4107,垠,2
4108,茜,2
4109,荚,2
4110,荑,2
4111,贳,2
4112,荜,2
4113,莒,2
4114,茼,2
4115,茴,2
4116,茱,2
4117,莛,2
4118,荞,2
4119,茯,2
4120,荏,2
4121,荇,2
4122,荃,2
4123,荟,2
4124,荀,2
4125,茗,2
4126,荠,2
4127,茭,2
4128,茨,2
4129,垩,2
4130,荥,2
4131,荦,2
4132,荨,2
4133,荩,2
4134,剋,2
4135,荪,2
4136,茹,2
4137,荬,2
4138,荮,2
4139,柰,2
4140,栉,2
4141,柯,2
4142,柘,2
4143,栊,2
4144,柩,2
4145,枰,2
4146,栌,2
4147,柙,2
4148,枵,2
4149,柚,2
4150,枳,2
4151,柞,2
4152,柝,2
4153,栀,2
4154,柢,2
4155,栎,2
4156,枸,2
4157,柈,2
4158,柁,2
4159,枷,2
4160,柽,2
4161,剌,2
4162,酊,2
4163,郦,2
4164,甭,2
4165,砗,2
4166,砘,2
4167,砒,2
4168,斫,2
4169,砭,2
4170,砜,2
4171,奎,2
4172,耷,2
4173,虺,2
4174,殂,2
4175,殇,2
4176,殄,2
4177,殆,2
4178,轱,2
4179,轲,2
4180,轳,2
4181,轶,2
4182,轸,2
4183,虿,2
4184,毖,2
4185,觇,2
4186,尜,2
4187,哐,2
4188,眄,2
4189,眍,2
4190,𠳐,2
4191,郢,2
4192,眇,2
4193,眊,2
4194,眈,2
4195,禺,2
4196,哂,2
4197,咴,2
4198,曷,2
4199,昴,2
4200,昱,2
4201,昵,2
4202,咦,2
4203,哓,2
4204,哔,2
4205,畎,2
4206,毗,2
4207,呲,2
4208,胄,2
4209,畋,2
4210,畈,2
4211,虼,2
4212,虻,2
4213,盅,2
4214,咣,2
4215,哕,2
4216,剐,2
4217,郧,2
4218,咻,2
4219,囿,2
4220,咿,2
4221,哌,2
4222,哙,2
4223,哚,2
4224,咯,2
4225,咩,2
4226,咤,2
4227,哝,2
4228,哏,2
4229,哞,2
4230,峙,2
4231,峣,2
4232,罘,2
4233,帧,2
4234,峒,2
4235,峤,2
4236,峋,2
4237,峥,2
4238,贶,2
4239,钚,2
4240,钛,2
4241,钡,2
4242,钣,2
4243,钤,2
4244,钨,2
4245,钫,2
4246,钯,2
4247,氡,2
4248,氟,2
4249,牯,2
4250,郜,2
4251,秕,2
4252,秭,2
4253,竽,2
4254,笈,2
4255,笃,2
4256,俦,2
4257,俨,2
4258,俅,2
4259,俪,2
4260,叟,2
4261,垡,2
4262,牮,2
4263,俣,2
4264,俚,2
4265,皈,2
4266,俑,2
4267,俟,2
4268,逅,2
4269,徇,2
4270,徉,2
4271,舢,2
4272,俞,2
4273,郗,2
4274,俎,2
4275,郤,2
4276,爰,2
4277,郛,2
4278,瓴,2
4279,胨,2
4280,胪,2
4281,胛,2
4282,胂,2
4283,胙,2
4284,胍,2
4285,胗,2
4286,胝,2
4287,朐,2
4288,胫,2
4289,鸨,2
4290,匍,2
4291,狨,2
4292,狯,2
4293,飑,2
4294,狩,2
4295,狲,2
4296,訇,2
4297,逄,2
4298,昝,2
4299,饷,2
4300,饸,2
4301,饹,2
4302,胤,2
4303,孪,2
4304,娈,2
4305,弈,2
4306,奕,2
4307,庥,2
4308,疬,2
4309,疣,2
4310,疥,2
4311,疭,2
4312,庠,2
4313,竑,2
4314,彦,2
4315,飒,2
4316,闼,2
4317,闾,2
4318,闿,2
4319,阂,2
4320,羑,2
4321,迸,2
4322,籼,2
4323,酋,2
4324,炳,2
4325,炻,2
4326,炽,2
4327,炯,2
4328,烀,2
4329,炷,2
4330,烃,2
4331,洱,2
4332,洹,2
4333,洧,2
4334,洌,2
4335,浃,2
4336,洇,2
4337,洄,2
4338,洙,2
4339,涎,2
4340,洎,2
4341,洫,2
4342,浍,2
4343,洮,2
4344,洵,2
4345,浒,2
4346,浔,2
4347,浕,2
4348,洳,2
4349,恸,2
4350,恓,2
4351,恹,2
4352,恫,2
4353,恺,2
4354,恻,2
4355,恂,2
4356,恪,2
4357,恽,2
4358,宥,2
4359,扃,2
4360,衲,2
4361,衽,2
4362,衿,2
4363,袂,2
4364,祛,2
4365,祜,2
4366,祓,2
4367,祚,2
4368,诮,2
4369,祗,2
4370,祢,2
4371,诰,2
4372,诳,2
4373,鸩,2
4374,昶,2
4375,郡,2
4376,咫,2
4377,弭,2
4378,牁,2
4379,胥,2
4380,陛,2
4381,陟,2
4382,娅,2
4383,姮,2
4384,娆,2
4385,姝,2
4386,姣,2
4387,姘,2
4388,姹,2
4389,怼,2
4390,羿,2
4391,炱,2
4392,矜,2
4393,绔,2
4394,骁,2
4395,骅,2
4396,绗,2
4397,绛,2
4398,骈,2
4399,耖,2
4400,挈,2
4401,珥,2
4402,珙,2
4403,顼,2
4404,珰,2
4405,珩,2
4406,珧,2
4407,珣,2
4408,珞,2
4409,琤,2
4410,珲,2
4411,敖,2
4412,恚,2
4413,埔,2
4414,埕,2
4415,埘,2
4416,埙,2
4417,埚,2
4418,挹,2
4419,耆,2
4420,耄,2
4421,埒,2
4422,捋,2
4423,贽,2
4424,垸,2
4425,捃,2
4426,盍,2
4427,荸,2
4428,莆,2
4429,莳,2
4430,莴,2
4431,莪,2
4432,莠,2
4433,莓,2
4434,莜,2
4435,莅,2
4436,荼,2
4437,莩,2
4438,荽,2
4439,莸,2
4440,荻,2
4441,莘,2
4442,莎,2
4443,莞,2
4444,莨,2
4445,鸪,2
4446,莼,2
4447,栲,2
4448,栳,2
4449,郴,2
4450,桓,2
4451,桡,2
4452,桎,2
4453,桢,2
4454,桤,2
4455,梃,2
4456,栝,2
4457,桕,2
4458,桁,2
4459,桧,2
4460,桅,2
4461,栟,2
4462,桉,2
4463,栩,2
4464,逑,2
4465,逋,2
4466,彧,2
4467,鬲,2
4468,豇,2
4469,酐,2
4470,逦,2
4471,厝,2
4472,孬,2
4473,砝,2
4474,砹,2
4475,砺,2
4476,砧,2
4477,砷,2
4478,砟,2
4479,砼,2
4480,砥,2
4481,砣,2
4482,剞,2
4483,砻,2
4484,轼,2
4485,轾,2
4486,辂,2
4487,鸫,2
4488,趸,2
4489,龀,2
4490,鸬,2
4491,虔,2
4492,逍,2
4493,眬,2
4494,唛,2
4495,晟,2
4496,眩,2
4497,眙,2
4498,哧,2
4499,哽,2
4500,唔,2
4501,晁,2
4502,晏,2
4503,鸮,2
4504,趵,2
4505,趿,2
4506,畛,2
4507,蚨,2
4508,蚜,2
4509,蚍,2
4510,蚋,2
4511,蚬,2
4512,蚝,2
4513,蚧,2
4514,唢,2
4515,圄,2
4516,唣,2
4517,唏,2
4518,盎,2
4519,唑,2
4520,崂,2
4521,崃,2
4522,罡,2
4523,罟,2
4524,峪,2
4525,觊,2
4526,赅,2
4527,钰,2
4528,钲,2
4529,钴,2
4530,钵,2
4531,钹,2
4532,钺,2
4533,钽,2
4534,钼,2
4535,钿,2
4536,铀,2
4537,铂,2
4538,铄,2
4539,铆,2
4540,铈,2
4541,铉,2
4542,铊,2
4543,铋,2
4544,铌,2
4545,铍,2
4546,䥽,2
4547,铎,2
4548,氩,2
4549,氤,2
4550,氦,2
4551,毪,2
4552,舐,2
4553,秣,2
4554,秫,2
4555,盉,2
4556,笄,2
4557,笕,2
4558,笊,2
4559,笏,2
4560,笆,2
4561,俸,2
4562,倩,2
4563,俵,2
4564,偌,2
4565,俳,2
4566,俶,2
4567,倬,2
4568,倏,2
4569,恁,2
4570,倭,2
4571,倪,2
4572,俾,2
4573,倜,2
4574,隼,2
4575,隽,2
4576,倌,2
4577,倥,2
4578,臬,2
4579,皋,2
4580,郫,2
4581,倨,2
4582,衄,2
4583,颀,2
4584,徕,2
4585,舫,2
4586,釜,2
4587,奚,2
4588,衾,2
4589,胯,2
4590,胱,2
4591,胴,2
4592,胭,2
4593,脍,2
4594,胼,2
4595,朕,2
4596,脒,2
4597,胺,2
4598,鸱,2
4599,玺,2
4600,鸲,2
4601,狷,2
4602,猁,2
4603,狳,2
4604,猃,2
4605,狺,2
4606,逖,2
4607,桀,2
4608,袅,2
4609,饽,2
4610,凇,2
4611,栾,2
4612,挛,2
4613,亳,2
4614,疳,2
4615,疴,2
4616,疸,2
4617,疽,2
4618,痈,2
4619,疱,2
4620,痂,2
4621,痉,2
4622,衮,2
4623,凋,2
4624,颃,2
4625,恣,2
4626,旆,2
4627,旄,2
4628,旃,2
4629,阃,2
4630,阄,2
4631,訚,2
4632,阆,2
4633,恙,2
4634,粑,2
4635,朔,2
4636,郸,2
4637,烜,2
4638,烨,2
4639,烩,2
4640,烊,2
4641,剡,2
4642,郯,2
4643,烬,2
4644,涑,2
4645,浯,2
4646,涞,2
4647,涟,2
4648,娑,2
4649,涅,2
4650,涠,2
4651,浞,2
4652,涓,2
4653,浥,2
4654,涔,2
4655,浜,2
4656,浠,2
4657,浣,2
4658,浚,2
4659,悚,2
4660,悭,2
4661,悝,2
4662,悒,2
4663,悌,2
4664,悛,2
4665,宸,2
4666,窈,2
4667,剜,2
4668,诹,2
4669,冢,2
4670,诼,2
4671,袒,2
4672,袢,2
4673,祯,2
4674,诿,2
4675,谀,2
4676,谂,2
4677,谄,2
4678,谇,2
4679,屐,2
4680,屙,2
4681,陬,2
4682,勐,2
4683,奘,2
4684,牂,2
4685,蚩,2
4686,陲,2
4687,姬,2
4688,娠,2
4689,娌,2
4690,娉,2
4691,娲,2
4692,娩,2
4693,娴,2
4694,娣,2
4695,娓,2
4696,婀,2
4697,畚,2
4698,逡,2
4699,绠,2
4700,骊,2
4701,绡,2
4702,骋,2
4703,绥,2
4704,绦,2
4705,绨,2
4706,骎,2
4707,邕,2
4708,鸶,2
4709,彗,2
4710,耜,2
4711,焘,2
4712,舂,2
4713,琏,2
4714,琇,2
4715,麸,2
4716,揶,2
4717,埴,2
4718,埯,2
4719,捯,2
4720,掳,2
4721,掴,2
4722,埸,2
4723,埵,2
4724,赧,2
4725,埤,2
4726,捭,2
4727,逵,2
4728,埝,2
4729,堋,2
4730,堍,2
4731,掬,2
4732,鸷,2
4733,掖,2
4734,捽,2
4735,掊,2
4736,堉,2
4737,掸,2
4738,捩,2
4739,掮,2
4740,悫,2
4741,埭,2
4742,埽,2
4743,掇,2
4744,掼,2
4745,聃,2
4746,菁,2
4747,萁,2
4748,菘,2
4749,堇,2
4750,萘,2
4751,萋,2
4752,菽,2
4753,菖,2
4754,萜,2
4755,萸,2
4756,萑,2
4757,棻,2
4758,菔,2
4759,菟,2
4760,萏,2
4761,萃,2
4762,菏,2
4763,菹,2
4764,菪,2
4765,菅,2
4766,菀,2
4767,萦,2
4768,菰,2
4769,菡,2
4770,梵,2
4771,梿,2
4772,梏,2
4773,觋,2
4774,桴,2
4775,桷,2
4776,梓,2
4777,棁,2
4778,桫,2
4779,棂,2
4780,啬,2
4781,郾,2
4782,匮,2
4783,敕,2
4784,豉,2
4785,鄄,2
4786,酞,2
4787,酚,2
4788,戛,2
4789,硎,2
4790,硭,2
4791,硒,2
4792,硖,2
4793,硗,2
4794,硐,2
4795,硇,2
4796,硌,2
4797,鸸,2
4798,瓠,2
4799,匏,2
4800,厩,2
4801,龚,2
4802,殒,2
4803,殓,2
4804,殍,2
4805,赉,2
4806,雩,2
4807,辄,2
4808,堑,2
4809,眭,2
4810,眦,2
4811,啧,2
4812,晡,2
4813,晤,2
4814,眺,2
4815,眵,2
4816,眸,2
4817,圊,2
4818,喏,2
4819,喵,2
4820,啉,2
4821,勖,2
4822,晞,2
4823,唵,2
4824,晗,2
4825,冕,2
4826,啭,2
4827,畦,2
4828,趺,2
4829,啮,2
4830,跄,2
4831,蚶,2
4832,蛄,2
4833,蛎,2
4834,蛆,2
4835,蚰,2
4836,蛊,2
4837,圉,2
4838,蚱,2
4839,蛉,2
4840,蛏,2
4841,蚴,2
4842,啁,2
4843,啕,2
4844,唿,2
4845,啐,2
4846,唼,2
4847,唷,2
4848,啖,2
4849,啵,2
4850,啶,2
4851,啷,2
4852,唳,2
4853,唰,2
4854,啜,2
4855,帻,2
4856,崚,2
4857,崦,2
4858,帼,2
4859,崮,2
4860,崤,2
4861,崆,2
4862,赇,2
4863,赈,2
4864,赊,2
4865,铑,2
4866,铒,2
4867,铗,2
4868,铙,2
4869,铟,2
4870,铠,2
4871,铡,2
4872,铢,2
4873,铣,2
4874,铤,2
4875,铧,2
4876,铨,2
4877,铩,2
4878,铪,2
4879,铫,2
4880,铬,2
4881,铮,2
4882,铯,2
4883,铰,2
4884,铱,2
4885,铳,2
4886,铵,2
4887,铷,2
4888,氪,2
4889,牾,2
4890,鸹,2
4891,秾,2
4892,逶,2
4893,笺,2
4894,筇,2
4895,笸,2
4896,笪,2
4897,笮,2
4898,笠,2
4899,笥,2
4900,笤,2
4901,笳,2
4902,笾,2
4903,笞,2
4904,偾,2
4905,偃,2
4906,偕,2
4907,偈,2
4908,傀,2
4909,偬,2
4910,偻,2
4911,皑,2
4912,皎,2
4913,鸻,2
4914,徜,2
4915,舸,2
4916,舻,2
4917,舴,2
4918,舷,2
4919,龛,2
4920,翎,2
4921,脬,2
4922,脘,2
4923,脲,2
4924,匐,2
4925,猗,2
4926,猡,2
4927,猞,2
4928,猝,2
4929,斛,2
4930,猕,2
4931,馗,2
4932,馃,2
4933,馄,2
4934,鸾,2
4935,孰,2
4936,庹,2
4937,庾,2
4938,痔,2
4939,痍,2
4940,疵,2
4941,翊,2
4942,旌,2
4943,旎,2
4944,袤,2
4945,阇,2
4946,阈,2
4947,阉,2
4948,阊,2
4949,阋,2
4950,阍,2
4951,阏,2
4952,羟,2
4953,粝,2
4954,粕,2
4955,敝,2
4956,焐,2
4957,烯,2
4958,焓,2
4959,烽,2
4960,焖,2
4961,烷,2
4962,焗,2
4963,渍,2
4964,渚,2
4965,淇,2
4966,淅,2
4967,淞,2
4968,渎,2
4969,涿,2
4970,淖,2
4971,挲,2
4972,淠,2
4973,涸,2
4974,渑,2
4975,淦,2
4976,淝,2
4977,淬,2
4978,涪,2
4979,淙,2
4980,涫,2
4981,渌,2
4982,淄,2
4983,惬,2
4984,悻,2
4985,悱,2
4986,惝,2
4987,惘,2
4988,悸,2
4989,惆,2
4990,惚,2
4991,惇,2
4992,惮,2
4993,窕,2
4994,谌,2
4995,谏,2
4996,扈,2
4997,皲,2
4998,谑,2
4999,裆,2
5000,袷,2
5001,裉,2
5002,谒,2
5003,谔,2
5004,谕,2
5005,谖,2
5006,谗,2
5007,谙,2
5008,谛,2
5009,谝,2
5010,逯,2
5011,郿,2
5012,隈,2
5013,粜,2
5014,隍,2
5015,隗,2
5016,婧,2
5017,婊,2
5018,婕,2
5019,娼,2
5020,婢,2
5021,婵,2
5022,胬,2
5023,袈,2
5024,翌,2
5025,恿,2
5026,欸,2
5027,绫,2
5028,骐,2
5029,绮,2
5030,绯,2
5031,绱,2
5032,骒,2
5033,绲,2
5034,骓,2
5035,绶,2
5036,绺,2
5037,绻,2
5038,绾,2
5039,骖,2
5040,缁,2
5041,耠,2
5042,琫,2
5043,琵,2
5044,琶,2
5045,琪,2
5046,瑛,2
5047,琦,2
5048,琥,2
5049,琨,2
5050,靓,2
5051,琰,2
5052,琮,2
5053,琯,2
5054,琬,2
5055,琛,2
5056,琚,2
5057,辇,2
5058,鼋,2
5059,揳,2
5060,堞,2
5061,搽,2
5062,揸,2
5063,揠,2
5064,堙,2
5065,趄,2
5066,揖,2
5067,颉,2
5068,塄,2
5069,揿,2
5070,耋,2
5071,揄,2
5072,蛩,2
5073,蛰,2
5074,塆,2
5075,摒,2
5076,揆,2
5077,掾,2
5078,聒,2
5079,葑,2
5080,葚,2
5081,靰,2
5082,靸,2
5083,葳,2
5084,葺,2
5085,葸,2
5086,萼,2
5087,葆,2
5088,葩,2
5089,葶,2
5090,蒌,2
5091,萱,2
5092,戟,2
5093,葭,2
5094,楮,2
5095,棼,2
5096,椟,2
5097,棹,2
5098,椤,2
5099,棰,2
5100,赍,2
5101,椋,2
5102,椁,2
5103,椪,2
5104,棣,2
5105,椐,2
5106,鹁,2
5107,覃,2
5108,酤,2
5109,酢,2
5110,酡,2
5111,鹂,2
5112,厥,2
5113,殚,2
5114,殛,2
5115,雯,2
5116,雱,2
5117,辊,2
5118,辋,2
5119,椠,2
5120,辍,2
5121,辎,2
5122,斐,2
5123,睄,2
5124,睑,2
5125,睇,2
5126,睃,2
5127,戢,2
5128,喋,2
5129,嗒,2
5130,喃,2
5131,喱,2
5132,喹,2
5133,晷,2
5134,喈,2
5135,跖,2
5136,跗,2
5137,跞,2
5138,跚,2
5139,跎,2
5140,跏,2
5141,跆,2
5142,蛱,2
5143,蛲,2
5144,蛭,2
5145,蛳,2
5146,蛐,2
5147,蛔,2
5148,蛞,2
5149,蛴,2
5150,蛟,2
5151,蛘,2
5152,喁,2
5153,喟,2
5154,啾,2
5155,嗖,2
5156,喑,2
5157,嗟,2
5158,喽,2
5159,嗞,2
5160,喀,2
5161,喔,2
5162,喙,2
5163,嵘,2
5164,嵖,2
5165,崴,2
5166,遄,2
5167,詈,2
5168,嵎,2
5169,崽,2
5170,嵬,2
5171,嵛,2
5172,嵯,2
5173,嵝,2
5174,嵫,2
5175,幄,2
5176,嵋,2
5177,赕,2
5178,铻,2
5179,铼,2
5180,铿,2
5181,锃,2
5182,锂,2
5183,锆,2
5184,锇,2
5185,锉,2
5186,锏,2
5187,锑,2
5188,锒,2
5189,锔,2
5190,锕,2
5191,掣,2
5192,矬,2
5193,氰,2
5194,毳,2
5195,毽,2
5196,犊,2
5197,犄,2
5198,犋,2
5199,鹄,2
5200,犍,2
5201,嵇,2
5202,黍,2
5203,稃,2
5204,稂,2
5205,筚,2
5206,筵,2
5207,筌,2
5208,傣,2
5209,傈,2
5210,舄,2
5211,牍,2
5212,傥,2
5213,傧,2
5214,遑,2
5215,傩,2
5216,遁,2
5217,徨,2
5218,媭,2
5219,畲,2
5220,弑,2
5221,颌,2
5222,翕,2
5223,釉,2
5224,鹆,2
5225,舜,2
5226,貂,2
5227,腈,2
5228,腌,2
5229,腓,2
5230,腆,2
5231,腴,2
5232,腑,2
5233,腚,2
5234,腱,2
5235,鱿,2
5236,鲀,2
5237,鲂,2
5238,颍,2
5239,猢,2
5240,猹,2
5241,猥,2
5242,飓,2
5243,觞,2
5244,觚,2
5245,猱,2
5246,颎,2
5247,飧,2
5248,馇,2
5249,馊,2
5250,亵,2
5251,脔,2
5252,裒,2
5253,痣,2
5254,痨,2
5255,痦,2
5256,痞,2
5257,痤,2
5258,痫,2
5259,痧,2
5260,赓,2
5261,竦,2
5262,瓿,2
5263,啻,2
5264,颏,2
5265,鹇,2
5266,阑,2
5267,阒,2
5268,阕,2
5269,粞,2
5270,遒,2
5271,孳,2
5272,焯,2
5273,焜,2
5274,焙,2
5275,焱,2
5276,鹈,2
5277,湛,2
5278,渫,2
5279,湮,2
5280,湎,2
5281,湜,2
5282,渭,2
5283,湍,2
5284,湫,2
5285,溲,2
5286,湟,2
5287,溆,2
5288,湲,2
5289,湔,2
5290,湉,2
5291,渥,2
5292,湄,2
5293,滁,2
5294,愠,2
5295,惺,2
5296,愦,2
5297,惴,2
5298,愀,2
5299,愎,2
5300,愔,2
5301,喾,2
5302,寐,2
5303,谟,2
5304,扉,2
5305,裢,2
5306,裎,2
5307,裥,2
5308,祾,2
5309,祺,2
5310,谠,2
5311,幂,2
5312,谡,2
5313,谥,2
5314,谧,2
5315,遐,2
5316,孱,2
5317,弼,2
5318,巽,2
5319,骘,2
5320,媪,2
5321,媛,2
5322,婷,2
5323,巯,2
5324,翚,2
5325,皴,2
5326,婺,2
5327,骛,2
5328,缂,2
5329,缃,2
5330,缄,2
5331,彘,2
5332,缇,2
5333,缈,2
5334,缌,2
5335,缑,2
5336,缒,2
5337,缗,2
5338,飨,2
5339,耢,2
5340,瑚,2
5341,瑁,2
5342,瑜,2
5343,瑗,2
5344,瑄,2
5345,瑕,2
5346,遨,2
5347,骜,2
5348,韫,2
5349,髡,2
5350,塬,2
5351,鄢,2
5352,趔,2
5353,趑,2
5354,摅,2
5355,摁,2
5356,蜇,2
5357,搋,2
5358,搪,2
5359,搐,2
5360,搛,2
5361,搠,2
5362,摈,2
5363,彀,2
5364,毂,2
5365,搦,2
5366,搡,2
5367,蓁,2
5368,戡,2
5369,蓍,2
5370,鄞,2
5371,靳,2
5372,蓐,2
5373,蓦,2
5374,鹋,2
5375,蒽,2
5376,蓓,2
5377,蓖,2
5378,蓊,2
5379,蒯,2
5380,蓟,2
5381,蓑,2
5382,蒿,2
5383,蒺,2
5384,蓠,2
5385,蒟,2
5386,蒡,2
5387,蒹,2
5388,蒴,2
5389,蒗,2
5390,蓥,2
5391,颐,2
5392,楔,2
5393,楠,2
5394,楂,2
5395,楝,2
5396,楫,2
5397,楸,2
5398,椴,2
5399,槌,2
5400,楯,2
5401,皙1,2
5402,榈,2
5403,槎,2
5404,榉,2
5405,楦,2
5406,楣,2
5407,楹,2
5408,椽,2
5409,裘,2
5410,剽,2
5411,甄,2
5412,酮,2
5413,酰,2
5414,酯,2
5415,酩,2
5416,蜃,2
5417,碛,2
5418,碓,2
5419,硼,2
5420,碉,2
5421,碚,2
5422,碇,2
5423,碜,2
5424,鹌,2
5425,辏,2
5426,龃,2
5427,龅,2
5428,訾,2
5429,粲,2
5430,虞,2
5431,睚,2
5432,嗪,2
5433,韪,2
5434,嗷,2
5435,嗉,2
5436,睨,2
5437,睢,2
5438,雎,2
5439,睥,2
5440,嘟,2
5441,嗑,2
5442,嗫,2
5443,嗬,2
5444,嗔,2
5445,嗝,2
5446,戥,2
5447,嗄,2
5448,煦,2
5449,暄,2
5450,遢,2
5451,暌,2
5452,跬,2
5453,跶,2
5454,跸,2
5455,跐,2
5456,跣,2
5457,跹,2
5458,跻,2
5459,蛸,2
5460,蜊,2
5461,蜍,2
5462,蜉,2
5463,蜣,2
5464,畹,2
5465,蛹,2
5466,嗣,2
5467,嗯,2
5468,嗥,2
5469,嗲,2
5470,嗳,2
5471,嗌,2
5472,嗍,2
5473,嗨,2
5474,嗐,2
5475,嗤,2
5476,嗵,2
5477,罨,2
5478,嵊,2
5479,嵩,2
5480,嵴,2
5481,骰,2
5482,锗,2
5483,锛,2
5484,锜,2
5485,锝,2
5486,锞,2
5487,锟,2
5488,锢,2
5489,锨,2
5490,锩,2
5491,锭,2
5492,锱,2
5493,雉,2
5494,氲,2
5495,犏,2
5496,歃,2
5497,稞,2
5498,稗,2
5499,稔,2
5500,筠,2
5501,筢,2
5502,筮,2
5503,筲,2
5504,筱,2
5505,牒,2
5506,煲,2
5507,敫,2
5508,徭,2
5509,愆,2
5510,艄,2
5511,觎,2
5512,毹,2
5513,貊,2
5514,貅,2
5515,貉,2
5516,颔,2
5517,腠,2
5518,腩,2
5519,腼,2
5520,腭,2
5521,腧,2
5522,塍,2
5523,媵,2
5524,詹,2
5525,鲅,2
5526,鲆,2
5527,鲇,2
5528,鲈,2
5529,稣,2
5530,鲋,2
5531,鲐,2
5532,肄,2
5533,鹐,2
5534,飕,2
5535,觥,2
5536,遛,2
5537,馐,2
5538,鹑,2
5539,亶,2
5540,瘃,2
5541,痱,2
5542,痼,2
5543,痿,2
5544,瘐,2
5545,瘁,2
5546,瘆,2
5547,麂,2
5548,裔,2
5549,歆,2
5550,旒,2
5551,雍,2
5552,阖,2
5553,阗,2
5554,阙,2
5555,羧,2
5556,豢,2
5557,粳,2
5558,猷,2
5559,煳,2
5560,煜,2
5561,煨,2
5562,煅,2
5563,煊,2
5564,煸,2
5565,煺,2
5566,滟,2
5567,溱,2
5568,溘,2
5569,漭,2
5570,滢,2
5571,溥,2
5572,溧,2
5573,溽,2
5574,裟,2
5575,溻,2
5576,溷,2
5577,滗,2
5578,滫,2
5579,溴,2
5580,滏,2
5581,滃,2
5582,滦,2
5583,溏,2
5584,滂,2
5585,滓,2
5586,溟,2
5587,滪,2
5588,愫,2
5589,慑,2
5590,慊,2
5591,鲎,2
5592,骞,2
5593,窦,2
5594,窠,2
5595,窣,2
5596,裱,2
5597,褚,2
5598,裨,2
5599,裾,2
5600,裰,2
5601,禊,2
5602,谩,2
5603,谪,2
5604,媾,2
5605,嫫,2
5606,媲,2
5607,嫒,2
5608,嫔,2
5609,媸,2
5610,缙,2
5611,缜,2
5612,缛,2
5613,辔,2
5614,骝,2
5615,缟,2
5616,缡,2
5617,缢,2
5618,缣,2
5619,骟,2
5620,耥,2
5621,璈,2
5622,瑶,2
5623,瑭,2
5624,獒,2
5625,觏,2
5626,慝,2
5627,嫠,2
5628,韬,2
5629,叆,2
5630,髦,2
5631,摽,2
5632,墁,2
5633,撂,2
5634,摞,2
5635,撄,2
5636,翥,2
5637,踅,2
5638,摭,2
5639,墉,2
5640,墒,2
5641,榖,2
5642,綦,2
5643,蔫,2
5644,蔷,2
5645,靺,2
5646,靼,2
5647,鞅,2
5648,靿,2
5649,甍,2
5650,蔸,2
5651,蔟,2
5652,蔺,2
5653,戬,2
5654,蕖,2
5655,蔻,2
5656,蓿,2
5657,斡,2
5658,鹕,2
5659,蓼,2
5660,榛,2
5661,榧,2
5662,榻,2
5663,榫,2
5664,榭,2
5665,槔,2
5666,榱,2
5667,槁,2
5668,槟,2
5669,槠,2
5670,榷,2
5671,僰,2
5672,酽,2
5673,酶,2
5674,酹,2
5675,厮,2
5676,碡,2
5677,碴,2
5678,碣,2
5679,碲,2
5680,磋,2
5681,臧,2
5682,豨,2
5683,殡,2
5684,霆,2
5685,霁,2
5686,辕,2
5687,蜚,2
5688,裴,2
5689,翡,2
5690,龇,2
5691,龈,2
5692,睿,2
5693,䁖,2
5694,睽,2
5695,嘞,2
5696,嘈,2
5697,嘌,2
5698,嘁,2
5699,嘎,2
5700,暧,2
5701,暝,2
5702,踌,2
5703,踉,2
5704,蜞,2
5705,蜥,2
5706,蜮,2
5707,蝈,2
5708,蜴,2
5709,蜱,2
5710,蜩,2
5711,蜷,2
5712,蜿,2
5713,螂,2
5714,蜢,2
5715,嘘,2
5716,嘡,2
5717,鹗,2
5718,嘣,2
5719,嘤,2
5720,嘚,2
5721,嗾,2
5722,嘧,2
5723,罴,2
5724,罱,2
5725,幔,2
5726,嶂,2
5727,幛,2
5728,赙,2
5729,罂,2
5730,骷,2
5731,骶,2
5732,鹘,2
5733,锲,2
5734,锴,2
5735,锶,2
5736,锷,2
5737,锸,2
5738,锵,2
5739,镁,2
5740,镂,2
5741,犒,2
5742,箐,2
5743,箦,2
5744,箧,2
5745,箍,2
5746,箸,2
5747,箬,2
5748,箅,2
5749,箪,2
5750,箔,2
5751,箜,2
5752,箢,2
5753,箓,2
5754,毓,2
5755,僖,2
5756,儆,2
5757,僳,2
5758,僭,2
5759,劁,2
5760,僮,2
5761,魃,2
5762,魆,2
5763,睾,2
5764,艋,2
5765,鄱,2
5766,膈,2
5767,膑,2
5768,鲑,2
5769,鲔,2
5770,鲚,2
5771,鲛,2
5772,鲟,2
5773,獐,2
5774,觫,2
5775,雒,2
5776,夤,2
5777,馑,2
5778,銮,2
5779,塾,2
5780,麽,2
5781,瘌,2
5782,瘊,2
5783,瘘,2
5784,瘙,2
5785,廖,2
5786,韶,2
5787,旖,2
5788,膂,2
5789,阚,2
5790,鄯,2
5791,鲞,2
5792,粿,2
5793,粼,2
5794,粽,2
5795,糁,2
5796,槊,2
5797,鹚,2
5798,熘,2
5799,熥,2
5800,潢,2
5801,漕,2
5802,滹,2
5803,漯,2
5804,漶,2
5805,潋,2
5806,潴,2
5807,漪,2
5808,漉,2
5809,漳,2
5810,漩,2
5811,澉,2
5812,潍,2
5813,慵,2
5814,搴,2
5815,窨,2
5816,寤,2
5817,綮,2
5818,谮,2
5819,褡,2
5820,褙,2
5821,褓,2
5822,褛,2
5823,褊,2
5824,谯,2
5825,谰,2
5826,谲,2
5827,暨,2
5828,屣,2
5829,鹛,2
5830,嫣,2
5831,嫱,2
5832,嫖,2
5833,嫦,2
5834,嫚,2
5835,嫘,2
5836,嫡,2
5837,鼐,2
5838,翟,2
5839,瞀,2
5840,鹜,2
5841,骠,2
5842,缥,2
5843,缦,2
5844,缧,2
5845,缨,2
5846,骢,2
5847,缪,2
5848,缫,2
5849,耦,2
5850,耧,2
5851,瑾,2
5852,璜,2
5853,璀,2
5854,璎,2
5855,璁,2
5856,璋,2
5857,璇,2
5858,奭,2
5859,髯,2
5860,髫,2
5861,撷,2
5862,撅,2
5863,赭,2
5864,撸,2
5865,鋆,2
5866,撙,2
5867,撺,2
5868,墀,2
5869,聩,2
5870,觐,2
5871,鞑,2
5872,蕙,2
5873,鞒,2
5874,蕈,2
5875,蕨,2
5876,蕤,2
5877,蕞,2
5878,蕺,2
5879,瞢,2
5880,蕃,2
5881,蕲,2
5882,赜,2
5883,槿,2
5884,樯,2
5885,槭,2
5886,樗,2
5887,樘,2
5888,樊,2
5889,槲,2
5890,醌,2
5891,醅,2
5892,靥,2
5893,魇,2
5894,餍,2
5895,磔,2
5896,磙,2
5897,霈,2
5898,辘,2
5899,龉,2
5900,龊,2
5901,觑,2
5902,瞌,2
5903,瞋2,2
5904,瞑,2
5905,嘭,2
5906,噎,2
5907,噶,2
5908,颙,2
5909,暹,2
5910,噘3,2
5911,踔,2
5912,踝,2
5913,踟,2
5914,踒,2
5915,踬,2
5916,踮,2
5917,踯,2
5918,踺,2
5919,踞,2
5920,蝽,2
5921,蝾,2
5922,蝻,2
5923,蝰,2
5924,蝮,2
5925,螋,2
5926,蝓,2
5927,蝣,2
5928,蝼,2
5929,噗,2
5930,嘬,2
5931,颚,2
5932,噍,2
5933,噢,2
5934,噙,2
5935,噜,2
5936,噌,2
5937,噔,2
5938,颛,2
5939,幞,2
5940,幡,2
5941,嶙,2
5942,嶝,2
5943,骺,2
5944,骼,2
5945,骸,2
5946,镊,2
5947,镉,2
5948,镌,2
5949,镍,2
5950,镏,2
5951,镒,2
5952,镓,2
5953,镔,2
5954,稷,2
5955,箴,2
5956,篑,2
5957,篁,2
5958,篌,2
5959,篆,2
5960,牖,2
5961,儋,2
5962,徵,2
5963,磐,2
5964,虢,2
5965,鹞,2
5966,膘,2
5967,滕,2
5968,鲠,2
5969,鲡,2
5970,鲢,2
5971,鲣,2
5972,鲥,2
5973,鲧,2
5974,鲩,2
5975,獗,2
5976,獠,2
5977,觯,2
5978,馓,2
5979,馔,2
5980,麾,2
5981,廛,2
5982,瘛,2
5983,瘼,2
5984,瘢,2
5985,瘠,2
5986,齑,2
5987,羯,2
5988,羰,2
5989,𥻗,2
5990,遴,2
5991,糌,2
5992,糍,2
5993,糅,2
5994,熜,2
5995,熵,2
5996,熠,2
5997,澍,2
5998,澌,2
5999,潸,2
6000,潦,2
6001,潲,2
6002,鋈,2
6003,潟,2
6004,潼,2
6005,潺,2
6006,憬,2
6007,憧,2
6008,寮,2
6009,窳,2
6010,谳,2
6011,褴,2
6012,褟,2
6013,褫,2
6014,谵,2
6015,熨,2
6016,屦,2
6017,嬉,2
6018,勰,2
6019,戮,2
6020,蝥,2
6021,缬,2
6022,缮,2
6023,缯,2
6024,骣,2
6025,畿,2
6026,耩,2
6027,耨,2
6028,耪,2
6029,璞,2
6030,璟,2
6031,靛,2
6032,璠,2
6033,璘,2
6034,聱,2
6035,螯,2
6036,髻,2
6037,髭,2
6038,髹,2
6039,擀,2
6040,熹,2
6041,甏,2
6042,擞,2
6043,縠,2
6044,磬,2
6045,颞,2
6046,蕻,2
6047,鞘,2
6048,颟,2
6049,薤,2
6050,薨,2
6051,檠,2
6052,薏,2
6053,薮,2
6054,薜,2
6055,薅,2
6056,樾,2
6057,橛,2
6058,橇,2
6059,樵,2
6060,檎,2
6061,橹,2
6062,樽,2
6063,樨,2
6064,橼,2
6065,墼,2
6066,橐,2
6067,翮,2
6068,醛,2
6069,醐,2
6070,醍,2
6071,醚,2
6072,磲,2
6073,赝,2
6074,飙,2
6075,殪,2
6076,霖,2
6077,霏,2
6078,霓,2
6079,錾,2
6080,辚,2
6081,臻,2
6082,遽,2
6083,氅,2
6084,瞟,2
6085,瞠,2
6086,瞰,2
6087,嚄,2
6088,嚆,2
6089,噤,2
6090,暾,2
6091,蹀,2
6092,踹,2
6093,踵,2
6094,踽,2
6095,蹉,2
6096,蹁,2
6097,螨,2
6098,蟒,2
6099,螈,2
6100,螅,2
6101,螭,2
6102,螠,2
6103,螟,2
6104,噱,2
6105,噬,2
6106,噫,2
6107,噻,2
6108,噼,2
6109,罹,2
6110,圜,2
6111,䦃,2
6112,镖,2
6113,镗,2
6114,镘,2
6115,镚,2
6116,镛,2
6117,镝,2
6118,镞,2
6119,镠,2
6120,氇,2
6121,氆,2
6122,憩,2
6123,穑,2
6124,篝,2
6125,篥,2
6126,篦,2
6127,篪,2
6128,篙,2
6129,盥,2
6130,劓,2
6131,翱,2
6132,魉,2
6133,魈,2
6134,徼,2
6135,歙,2
6136,膳,2
6137,膦,2
6138,膙,2
6139,鲮,2
6140,鲱,2
6141,鲲,2
6142,鲳,2
6143,鲴,2
6144,鲵,2
6145,鲷,2
6146,鲻,2
6147,獴,2
6148,獭,2
6149,獬,2
6150,邂,2
6151,鹧,2
6152,廨,2
6153,赟,2
6154,瘰,2
6155,廪,2
6156,瘿,2
6157,瘵,2
6158,瘴,2
6159,癃,2
6160,瘳,2
6161,斓,2
6162,麇,2
6163,麈,2
6164,嬴,2
6165,壅,2
6166,羲,2
6167,糗,2
6168,瞥,2
6169,甑,2
6170,燎,2
6171,燠,2
6172,燔,2
6173,燧,2
6174,濑,2
6175,濉,2
6176,潞,2
6177,澧,2
6178,澹,2
6179,澥,2
6180,澶,2
6181,濂,2
6182,褰,2
6183,寰,2
6184,窸,2
6185,褶,2
6186,禧,2
6187,嬖,2
6188,犟,2
6189,隰,2
6190,嬗,2
6191,颡,2
6192,缱,2
6193,缲,2
6194,缳,2
6195,璨,2
6196,璩,2
6197,璐,2
6198,璪,2
6199,螫,2
6200,擤,2
6201,壕,2
6202,觳,2
6203,罄,2
6204,擢,2
6205,薹,2
6206,鞡,2
6207,鞬,2
6208,薷,2
6209,薰,2
6210,藓,2
6211,藁,2
6212,檄,2
6213,檩,2
6214,懋,2
6215,醢,2
6216,翳,2
6217,礅,2
6218,磴,2
6219,鹩,2
6220,龋,2
6221,龌,2
6222,豳,2
6223,壑,2
6224,黻,2
6225,嚏,2
6226,嚅,2
6227,蹑,2
6228,蹒,2
6229,蹊,2
6230,蟥,2
6231,螬,2
6232,螵,2
6233,疃,2
6234,螳,2
6235,蟑,2
6236,嚓,2
6237,羁,2
6238,罽,2
6239,罾,2
6240,嶷,2
6241,黜,2
6242,黝,2
6243,髁,2
6244,髀,2
6245,镡,2
6246,镢,2
6247,镣,2
6248,镦,2
6249,镧,2
6250,镩,2
6251,镪,2
6252,镫,2
6253,罅,2
6254,黏,2
6255,簌,2
6256,篾,2
6257,篼,2
6258,簖,2
6259,簋,2
6260,鼢,2
6261,黛,2
6262,儡,2
6263,鹪,2
6264,鼾,2
6265,皤,2
6266,魍,2
6267,龠,2
6268,繇,2
6269,貘,2
6270,邈,2
6271,貔,2
6272,臌,2
6273,膻,2
6274,臆,2
6275,臃,2
6276,鲼,2
6277,鲽,2
6278,鳀,2
6279,鳃,2
6280,鳅,2
6281,鳇,2
6282,鳊,2
6283,螽,2
6284,燮,2
6285,鹫,2
6286,襄,2
6287,糜,2
6288,縻,2
6289,膺,2
6290,癍,2
6291,麋,2
6292,懑,2
6293,濡,2
6294,濮,2
6295,濞,2
6296,濠,2
6297,濯,2
6298,蹇,2
6299,謇,2
6300,邃,2
6301,襁,2
6302,檗,2
6303,擘,2
6304,孺,2
6305,隳,2
6306,嬷,2
6307,蟊,2
6308,鹬,2
6309,鍪,2
6310,鏊,2
6311,鳌,2
6312,鬈,2
6313,鬃,2
6314,瞽,2
6315,鞯,2
6316,鞨,2
6317,鞫,2
6318,鞧,2
6319,鞣,2
6320,藜,2
6321,藠,2
6322,藩,2
6323,醪,2
6324,蹙,2
6325,礓,2
6326,燹,2
6327,餮,2
6328,瞿,2
6329,曛,2
6330,颢,2
6331,曜,2
6332,躇,2
6333,蹚4,2
6334,鹭,2
6335,蟛,2
6336,蟪,2
6337,蟠,2
6338,蟮,2
6339,鹮,2
6340,黠,2
6341,黟,2
6342,髅,2
6343,髂,2
6344,镬,2
6345,镭,2
6346,镯,2
6347,馥,2
6348,簟,2
6349,簪,2
6350,鼬,2
6351,雠,2
6352,艟,2
6353,鳎,2
6354,鳏,2
6355,鳐,2
6356,癞,2
6357,癔,2
6358,癜,2
6359,癖,2
6360,糨,2
6361,蹩,2
6362,鎏,2
6363,懵,2
6364,彝,2
6365,邋,2
6366,鬏,2
6367,攉,2
6368,攒,2
6369,鞲,2
6370,鞴,2
6371,藿,2
6372,蘧,2
6373,蘅,2
6374,麓,2
6375,醮,2
6376,醯,2
6377,酃,2
6378,霪,2
6379,霭,2
6380,霨,2
6381,黼,2
6382,嚯,2
6383,蹰,2
6384,蹶,2
6385,蹽,2
6386,蹼,2
6387,蹴,2
6388,蹾,2
6389,蹿,2
6390,蠖,2
6391,蠓,2
6392,蟾,2
6393,蠊,2
6394,黢,2
6395,髋,2
6396,髌,2
6397,镲,2
6398,籀,2
6399,籁,2
6400,齁,2
6401,魑,2
6402,艨,2
6403,鳓,2
6404,鳔,2
6405,鳕,2
6406,鳗,2
6407,鳙,2
6408,麒,2
6409,鏖,2
6410,羸,2
6411,㸆,2
6412,瀚,2
6413,瀣,2
6414,瀛,2
6415,襦,2
6416,谶,2
6417,襞,2
6418,骥,2
6419,缵,2
6420,瓒,2
6421,攘,2
6422,蘩,2
6423,蘖,2
6424,醴,2
6425,霰,2
6426,酆,2
6427,矍,2
6428,曦,2
6429,躅,2
6430,鼍,2
6431,巉,2
6432,黩,2
6433,黥,2
6434,黪,2
6435,镳,2
6436,镴,2
6437,黧,2
6438,纂,2
6439,璺,2
6440,鼯,2
6441,臜,2
6442,鳜,2
6443,鳝,2
6444,鳟,2
6445,獾,2
6446,孀,2
6447,骧,2
6448,瓘,2
6449,鼙,2
6450,醺,2
6451,礴,2
6452,颦,2
6453,曩,2
6454,鳢,2
6455,癫,2
6456,麝,2
6457,夔,2
6458,爝,2
6459,灏,2
6460,禳,2
6461,鐾,2
6462,羼,2
6463,蠡,2
6464,耱,2
6465,懿,2
6466,蘸,2
6467,鹳,2
6468,霾,2
6469,氍,2
6470,饕,2
6471,躐,2
6472,髑,2
6473,镵,2
6474,穰,2
6475,饔,2
6476,鬻,2
6477,鬟,2
6478,趱,2
6479,攫,2
6480,攥,2
6481,颧,2
6482,躜,2
6483,鼹,2
6484,癯,2
6485,麟,2
6486,蠲,2
6487,蠹,2
6488,躞,2
6489,衢,2
6490,鑫,2
6491,灞,2
6492,襻,2
6493,纛,2
6494,鬣,2
6495,攮,2
6496,囔,2
6497,馕,2
6498,戆,2
6499,爨,2
6500,齉,2
6501,亍,3
6502,尢,3
6503,彳,3
6504,卬,3
6505,殳,3
6506,𠙶,3
6507,毌,3
6508,邘,3
6509,戋,3
6510,圢,3
6511,氕,3
6512,伋,3
6513,仝,3
6514,冮,3
6515,氿,3
6516,汈,3
6517,氾,3
6518,忉,3
6519,宄,3
6520,,3
6521,讱,3
6522,扞,3
6523,圲,3
6524,圫,3
6525,芏,3
6526,芃,3
6527,朳,3
6528,朸,3
6529,𨙸,3
6530,邨,3
6531,吒,3
6532,吖,3
6533,屼,3
6534,屾,3
6535,辿,3
6536,钆,3
6537,仳,3
6538,伣,3
6539,伈,3
6540,癿,3
6541,甪,3
6542,邠,3
6543,犴,3
6544,冱,3
6545,邡,3
6546,闫,3
6547,,3
6548,汋,3
6549,䜣,3
6550,讻,3
6551,,3
6552,孖,3
6553,,3
6554,纩,3
6555,玒,3
6556,玓,3
6557,玘,3
6558,玚,3
6559,刬,3
6560,,3
6561,坜,3
6562,坉,3
6563,扽,3
6564,,3
6565,坋,3
6566,扺,3
6567,㧑,3
6568,毐,3
6569,芰,3
6570,芣,3
6571,苊,3
6572,苉,3
6573,芘,3
6574,芴,3
6575,芠,3
6576,,3
6577,芤,3
6578,杕,3
6579,杙,3
6580,杄,3
6581,杧,3
6582,杩,3
6583,尪,3
6584,尨,3
6585,轪,3
6586,,3
6587,坒,3
6588,芈,3
6589,旴,3
6590,旵,3
6591,呙,3
6592,㕮,3
6593,岍,3
6594,,3
6595,岠,3
6596,岜,3
6597,呇,3
6598,冏,3
6599,觃,3
6600,岙,3
6601,伾,3
6602,㑇,3
6603,伭,3
6604,佖,3
6605,伲,3
6606,佁,3
6607,飏,3
6608,狃,3
6609,闶,3
6610,汧,3
6611,汫,3
6612,𣲘,3
6613,𣲗,3
6614,沄,3
6615,沘,3
6616,,3
6617,汭,3
6618,㳇,3
6619,沇,3
6620,忮,3
6621,忳,3
6622,忺,3
6623,,3
6624,祃,3
6625,诇,3
6626,邲,3
6627,诎,3
6628,诐,3
6629,屃,3
6630,,3
6631,岊,3
6632,阽,3
6633,䢺,3
6634,阼,3
6635,妧,3
6636,妘,3
6637,𨚕,3
6638,纮,3
6639,驲,3
6640,,3
6641,纻,3
6642,,3
6643,,3
6644,纼,3
6645,玤,3
6646,玞,3
6647,玱,3
6648,玟,3
6649,邽,3
6650,邿,3
6651,坥,3
6652,坰,3
6653,坬,3
6654,坽,3
6655,弆,3
6656,耵,3
6657,䢼,3
6658,𦭜,3
6659,茋,3
6660,苧,3
6661,苾,3
6662,苠,3
6663,枅,3
6664,㭎,3
6665,枘,3
6666,枍,3
6667,矼,3
6668,矻,3
6669,匼,3
6670,,3
6671,,3
6672,,3
6673,旿,3
6674,昇,3
6675,昄,3
6676,昒,3
6677,昈,3
6678,咉,3
6679,咇,3
6680,咍,3
6681,岵,3
6682,岽,3
6683,岨,3
6684,岞,3
6685,峂,3
6686,㟃,3
6687,囷,3
6688,,3
6689,钐,3
6690,钔,3
6691,钖,3
6692,牥,3
6693,佴,3
6694,垈,3
6695,侁,3
6696,侹,3
6697,佸,3
6698,佺,3
6699,隹,3
6700,㑊,3
6701,侂,3
6702,佽,3
6703,侘,3
6704,郈,3
6705,舠,3
6706,郐,3
6707,郃,3
6708,攽,3
6709,肭,3
6710,肸,3
6711,肷,3
6712,狉,3
6713,狝,3
6714,饳,3
6715,忞,3
6716,於,3
6717,炌,3
6718,炆,3
6719,泙,3
6720,沺,3
6721,泂,3
6722,泜,3
6723,泃,3
6724,泇,3
6725,怊,3
6726,峃,3
6727,穸,3
6728,祋,3
6729,祊,3
6730,,3
6731,,3
6732,,3
6733,鸤,3
6734,弢,3
6735,弨,3
6736,陑,3
6737,,3
6738,陎,3
6739,,3
6740,卺,3
6741,乸,3
6742,妭,3
6743,姈,3
6744,,3
6745,迳,3
6746,叕,3
6747,,3
6748,驵,3
6749,,3
6750,䌹,3
6751,驺,3
6752,,3
6753,绋,3
6754,绐,3
6755,砉,3
6756,耔,3
6757,㛃,3
6758,玶,3
6759,珇,3
6760,珅,3
6761,,3
6762,珋,3
6763,玹,3
6764,珌,3
6765,玿,3
6766,韨,3
6767,垚,3
6768,垯,3
6769,垙,3
6770,垲,3
6771,埏,3
6772,垍,3
6773,耇,3
6774,,3
6775,垎,3
6776,垴,3
6777,垟,3
6778,垞,3
6779,挓,3
6780,垵,3
6781,垏,3
6782,拶,3
6783,荖,3
6784,荁,3
6785,荙,3
6786,荛,3
6787,茈,3
6788,茽,3
6789,荄,3
6790,茺,3
6791,,3
6792,荓,3
6793,茳,3
6794,𦰡,3
6795,茛,3
6796,荭,3
6797,㭕,3
6798,柷,3
6799,柃,3
6800,柊,3
6801,枹,3
6802,栐,3
6803,柖,3
6804,郚,3
6805,剅,3
6806,䴓,3
6807,迺,3
6808,厖,3
6809,砆,3
6810,砑,3
6811,砄,3
6812,耏,3
6813,奓,3
6814,䶮,3
6815,轵,3
6816,轷,3
6817,轹,3
6818,轺,3
6819,昺,3
6820,,3
6821,昽,3
6822,盷,3
6823,咡,3
6824,咺,3
6825,昳,3
6826,昣,3
6827,哒,3
6828,昤,3
6829,昫,3
6830,昡,3
6831,咥,3
6832,昪,3
6833,虷,3
6834,虸,3
6835,哃,3
6836,峘,3
6837,耑,3
6838,峛,3
6839,,3
6840,峗,3
6841,峧,3
6842,帡,3
6843,钘,3
6844,,3
6845,钜,3
6846,,3
6847,,3
6848,,3
6849,钪,3
6850,钬,3
6851,钭,3
6852,矧,3
6853,秬,3
6854,俫,3
6855,舁,3
6856,俜,3
6857,俙,3
6858,俍,3
6859,垕,3
6860,衎,3
6861,舣,3
6862,弇,3
6863,侴,3
6864,鸧,3
6865,䏡,3
6866,胠,3
6867,𦙶,3
6868,胈,3
6869,胩,3
6870,胣,3
6871,朏,3
6872,飐,3
6873,訄,3
6874,饻,3
6875,庤,3
6876,疢,3
6877,炣,3
6878,炟,3
6879,㶲,3
6880,洭,3
6881,洘,3
6882,洓,3
6883,洿,3
6884,㳚,3
6885,泚,3
6886,浈,3
6887,浉,3
6888,洸,3
6889,洑,3
6890,洢,3
6891,洈,3
6892,洚,3
6893,洺,3
6894,洨,3
6895,浐,3
6896,㳘,3
6897,洴,3
6898,洣,3
6899,恔,3
6900,宬,3
6901,窀,3
6902,扂,3
6903,袆,3
6904,祏,3
6905,祐,3
6906,祕,3
6907,叚,3
6908,陧,3
6909,陞,3
6910,娀,3
6911,姞,3
6912,姱,3
6913,姤,3
6914,姶,3
6915,姽,3
6916,枲,3
6917,绖,3
6918,骃,3
6919,,3
6920,,3
6921,,3
6922,,3
6923,彖,3
6924,骉,3
6925,恝,3
6926,珪,3
6927,珛,3
6928,珹,3
6929,琊,3
6930,玼,3
6931,珖,3
6932,,3
6933,珽,3
6934,珦,3
6935,珫,3
6936,珒,3
6937,,3
6938,珢,3
6939,珕,3
6940,珝,3
6941,,3
6942,埗,3
6943,垾,3
6944,垺,3
6945,埆,3
6946,垿,3
6947,埌,3
6948,埇,3
6949,莰,3
6950,茝,3
6951,,3
6952,鄀,3
6953,莶,3
6954,莝,3
6955,䓖,3
6956,莙,3
6957,栻,3
6958,桠,3
6959,,3
6960,桄,3
6961,梠,3
6962,栴,3
6963,梴,3
6964,栒,3
6965,酎,3
6966,酏,3
6967,,3
6968,砵,3
6969,砠,3
6970,砫,3
6971,砬,3
6972,硁,3
6973,恧,3
6974,翃,3
6975,郪,3
6976,𨐈,3
6977,辀,3
6978,辁,3
6979,,3
6980,剕,3
6981,赀,3
6982,哢,3
6983,晅,3
6984,晊,3
6985,唝,3
6986,哳,3
6987,哱,3
6988,冔,3
6989,晔,3
6990,晐,3
6991,晖,3
6992,畖,3
6993,蚄,3
6994,蚆,3
6995,,3
6996,帱,3
6997,崁,3
6998,峿,3
6999,,3
7000,崄,3
7001,帨,3
7002,崀,3
7003,赆,3
7004,,3
7005,钷,3
7006,,3
7007,,3
7008,,3
7009,,3
7010,眚,3
7011,甡,3
7012,笫,3
7013,倻,3
7014,倴,3
7015,脩,3
7016,倮,3
7017,倕,3
7018,倞,3
7019,,3
7020,倓,3
7021,倧,3
7022,衃,3
7023,虒,3
7024,舭,3
7025,舯,3
7026,舥,3
7027,瓞,3
7028,鬯,3
7029,鸰,3
7030,脎,3
7031,朓,3
7032,胲,3
7033,虓,3
7034,鱽,3
7035,狴,3
7036,峱,3
7037,狻,3
7038,眢,3
7039,,3
7040,勍,3
7041,痄,3
7042,疰,3
7043,痃,3
7044,竘,3
7045,羖,3
7046,羓,3
7047,桊,3
7048,敉,3
7049,烠,3
7050,烔,3
7051,烶,3
7052,烻,3
7053,,3
7054,涍,3
7055,浡,3
7056,浭,3
7057,浬,3
7058,涄,3
7059,涢,3
7060,涐,3
7061,浰,3
7062,浟,3
7063,浛,3
7064,浼,3
7065,浲,3
7066,涘,3
7067,悈,3
7068,悃,3
7069,悢,3
7070,,3
7071,宧,3
7072,窅,3
7073,窊,3
7074,窎,3
7075,扅,3
7076,扆,3
7077,袪,3
7078,袗,3
7079,袯,3
7080,祧,3
7081,隺,3
7082,堲,3
7083,疍,3
7084,𨺙,3
7085,陴,3
7086,烝,3
7087,砮,3
7088,㛚,3
7089,哿,3
7090,翀,3
7091,翂,3
7092,剟,3
7093,,3
7094,,3
7095,绤,3
7096,骍,3
7097,,3
7098,䂮,3
7099,琎,3
7100,珸,3
7101,珵,3
7102,琄,3
7103,琈,3
7104,琀,3
7105,珺,3
7106,掭,3
7107,堎,3
7108,堐,3
7109,埼,3
7110,掎,3
7111,埫,3
7112,堌,3
7113,晢,3
7114,,3
7115,掞,3
7116,埪,3
7117,壸,3
7118,㙍,3
7119,聍,3
7120,菝,3
7121,萚,3
7122,菥,3
7123,莿,3
7124,䓫,3
7125,勚,3
7126,䓬,3
7127,萆,3
7128,菂,3
7129,菍,3
7130,菼,3
7131,萣,3
7132,䓨,3
7133,菉,3
7134,䓛,3
7135,梼,3
7136,梽,3
7137,桲,3
7138,梾,3
7139,桯,3
7140,梣,3
7141,梌,3
7142,桹,3
7143,敔,3
7144,厣,3
7145,硔,3
7146,,3
7147,硙,3
7148,硚,3
7149,硊,3
7150,硍,3
7151,勔,3
7152,䴕,3
7153,龁,3
7154,逴,3
7155,唪,3
7156,啫,3
7157,翈,3
7158,㫰,3
7159,晙,3
7160,畤,3
7161,,3
7162,趼,3
7163,跂,3
7164,蛃,3
7165,蚲,3
7166,,3
7167,蚺,3
7168,啴,3
7169,䎃,3
7170,崧,3
7171,崟,3
7172,崞,3
7173,崒,3
7174,崌,3
7175,崡,3
7176,铏,3
7177,,3
7178,,3
7179,铕,3
7180,,3
7181,铖,3
7182,铘,3
7183,铚,3
7184,铞,3
7185,铥,3
7186,铴,3
7187,牻,3
7188,牿,3
7189,稆,3
7190,笱,3
7191,笯,3
7192,偰,3
7193,偡,3
7194,鸺,3
7195,偭,3
7196,偲,3
7197,偁,3
7198,㿠,3
7199,鄅,3
7200,偓,3
7201,徛,3
7202,衒,3
7203,舳,3
7204,舲,3
7205,鸼,3
7206,悆,3
7207,鄃,3
7208,瓻,3
7209,䝙,3
7210,脶,3
7211,脞,3
7212,脟,3
7213,䏲,3
7214,鱾,3
7215,猇,3
7216,猊,3
7217,猄,3
7218,觖,3
7219,𠅤,3
7220,庱,3
7221,庼,3
7222,庳,3
7223,痓,3
7224,䴔,3
7225,竫,3
7226,堃,3
7227,阌,3
7228,羝,3
7229,羕,3
7230,焆,3
7231,烺,3
7232,焌,3
7233,淏,3
7234,,3
7235,淟,3
7236,淜,3
7237,淴,3
7238,淯,3
7239,湴,3
7240,涴,3
7241,,3
7242,㥄,3
7243,惛,3
7244,惔,3
7245,悰,3
7246,惙,3
7247,寁,3
7248,逭,3
7249,,3
7250,,3
7251,袼,3
7252,裈,3
7253,祲,3
7254,,3
7255,,3
7256,谞,3
7257,艴,3
7258,弸,3
7259,弶,3
7260,,3
7261,隃,3
7262,婞,3
7263,娵,3
7264,婼,3
7265,媖,3
7266,婳,3
7267,婍,3
7268,婌,3
7269,婫,3
7270,婤,3
7271,婘,3
7272,婠,3
7273,,3
7274,,3
7275,,3
7276,,3
7277,绹,3
7278,,3
7279,,3
7280,骕,3
7281,,3
7282,絜,3
7283,珷,3
7284,琲,3
7285,琡,3
7286,琟,3
7287,琔,3
7288,琭,3
7289,堾,3
7290,堼,3
7291,揕,3
7292,㙘,3
7293,堧,3
7294,喆,3
7295,堨,3
7296,塅,3
7297,堠,3
7298,絷,3
7299,,3
7300,𡎚,3
7301,葜,3
7302,惎,3
7303,萳,3
7304,葙,3
7305,靬,3
7306,葴,3
7307,蒇,3
7308,蒈,3
7309,鄚,3
7310,蒉,3
7311,蓇,3
7312,萩,3
7313,蒐,3
7314,葰,3
7315,葎,3
7316,鄑,3
7317,蒎,3
7318,葖,3
7319,蒄,3
7320,萹,3
7321,棤,3
7322,棽,3
7323,棫,3
7324,椓,3
7325,椑,3
7326,,3
7327,鹀,3
7328,椆,3
7329,棓,3
7330,棬,3
7331,棪,3
7332,椀,3
7333,楗,3
7334,,3
7335,甦,3
7336,酦,3
7337,觌,3
7338,奡,3
7339,皕,3
7340,硪,3
7341,欹,3
7342,詟,3
7343,,3
7344,辌,3
7345,棐,3
7346,龂,3
7347,,3
7348,黹,3
7349,牚,3
7350,睎,3
7351,晫,3
7352,晪,3
7353,晱,3
7354,𧿹,3
7355,蛑,3
7356,畯,3
7357,斝,3
7358,喤,3
7359,崶,3
7360,嵁,3
7361,,3
7362,崾,3
7363,嵅,3
7364,崿,3
7365,嵚,3
7366,翙,3
7367,,3
7368,圌,3
7369,圐,3
7370,赑,3
7371,淼,3
7372,赒,3
7373,,3
7374,铹,3
7375,,3
7376,铽,3
7377,𨱇,3
7378,,3
7379,锊,3
7380,锍,3
7381,锎,3
7382,,3
7383,锓,3
7384,犇,3
7385,颋,3
7386,稌,3
7387,筀,3
7388,筘,3
7389,筜,3
7390,筥,3
7391,筅,3
7392,傃,3
7393,傉,3
7394,翛,3
7395,傒,3
7396,傕,3
7397,舾,3
7398,畬,3
7399,,3
7400,脿,3
7401,腘,3
7402,䐃,3
7403,腙,3
7404,腒,3
7405,,3
7406,鲃,3
7407,猰,3
7408,,3
7409,猯,3
7410,㺄,3
7411,馉,3
7412,凓1,3
7413,鄗,3
7414,,3
7415,廋,3
7416,廆,3
7417,鄌,3
7418,粢,3
7419,遆,3
7420,旐,3
7421,,3
7422,焞,3
7423,,3
7424,欻,3
7425,𣸣,3
7426,溚,3
7427,溁,3
7428,湝,3
7429,渰,3
7430,湓,3
7431,㴔,3
7432,渟,3
7433,溠,3
7434,渼,3
7435,溇,3
7436,湣,3
7437,湑,3
7438,溞,3
7439,愐,3
7440,愃,3
7441,敩,3
7442,甯,3
7443,棨,3
7444,扊,3
7445,裣,3
7446,祼,3
7447,婻,3
7448,媆,3
7449,媞,3
7450,㛹,3
7451,媓,3
7452,媂,3
7453,媄,3
7454,毵,3
7455,矞,3
7456,,3
7457,,3
7458,缊,3
7459,缐,3
7460,骙,3
7461,瑃,3
7462,瑓,3
7463,瑅,3
7464,瑆,3
7465,䴖,3
7466,瑖,3
7467,瑝,3
7468,瑔,3
7469,瑀,3
7470,𤧛,3
7471,瑳,3
7472,瑂,3
7473,嶅,3
7474,瑑,3
7475,遘,3
7476,髢,3
7477,塥,3
7478,堽,3
7479,赪,3
7480,摛,3
7481,塝,3
7482,搒,3
7483,搌,3
7484,蒱,3
7485,蒨,3
7486,蓏,3
7487,蔀,3
7488,蓢,3
7489,蓂,3
7490,蒻,3
7491,蓣,3
7492,椹,3
7493,楪,3
7494,榃,3
7495,榅,3
7496,楒,3
7497,楞,3
7498,楩,3
7499,榇,3
7500,椸,3
7501,楙,3
7502,歅,3
7503,,3
7504,碃,3
7505,碏,3
7506,,3
7507,碈,3
7508,䃅,3
7509,硿,3
7510,鄠,3
7511,辒,3
7512,,3
7513,,3
7514,龆,3
7515,觜,3
7516,䣘,3
7517,暕,3
7518,鹍,3
7519,2,3
7520,㬊,3
7521,暅,3
7522,跱,3
7523,蜐,3
7524,蜎,3
7525,嵲,3
7526,赗,3
7527,骱,3
7528,锖,3
7529,,3
7530,锘,3
7531,锳,3
7532,锧,3
7533,锪,3
7534,,3
7535,锫,3
7536,锬,3
7537,,3
7538,稑,3
7539,稙,3
7540,䅟,3
7541,,3
7542,筻,3
7543,筼,3
7544,筶,3
7545,筦,3
7546,筤,3
7547,傺,3
7548,鹎,3
7549,僇,3
7550,艅,3
7551,艉,3
7552,谼,3
7553,貆,3
7554,腽,3
7555,腨,3
7556,腯,3
7557,鲉,3
7558,鲊,3
7559,鲌,3
7560,䲟,3
7561,,3
7562,,3
7563,鲏,3
7564,雊,3
7565,猺,3
7566,飔,3
7567,觟,3
7568,𦝼,3
7569,馌,3
7570,裛,3
7571,廒,3
7572,瘀,3
7573,瘅,3
7574,鄘,3
7575,鹒,3
7576,鄜,3
7577,麀,3
7578,鄣,3
7579,阘,3
7580,,3
7581,煁,3
7582,煃,3
7583,煴,3
7584,煋,3
7585,煟,3
7586,煓,3
7587,滠,3
7588,溍,3
7589,溹,3
7590,滆,3
7591,滉,3
7592,溦,3
7593,溵,3
7594,漷,3
7595,滧,3
7596,滘,3
7597,滍,3
7598,愭,3
7599,慥,3
7600,慆,3
7601,塱,3
7602,,3
7603,裼,3
7604,禋,3
7605,禔,3
7606,禘,3
7607,禒,3
7608,谫,3
7609,鹔,3
7610,,3
7611,愍,3
7612,嫄,3
7613,媱,3
7614,戤,3
7615,勠3,3
7616,戣,3
7617,,3
7618,,3
7619,缞,3
7620,耤,3
7621,瑧,3
7622,,3
7623,瑨,3
7624,瑱,3
7625,瑷,3
7626,瑢,3
7627,斠,3
7628,摏,3
7629,墕,3
7630,墈,3
7631,墐,3
7632,墘,3
7633,摴,3
7634,銎,3
7635,𡐓,3
7636,墚,3
7637,撖,3
7638,,3
7639,靽,3
7640,鞁,3
7641,蔌,3
7642,蔈,3
7643,蓰,3
7644,蔹,3
7645,蔊,3
7646,嘏,3
7647,榰,3
7648,榑,3
7649,槚,3
7650,𣗋,3
7651,槜,3
7652,榍,3
7653,疐,3
7654,,3
7655,酺,3
7656,酾,3
7657,酲,3
7658,酴,3
7659,碶,3
7660,䃎,3
7661,,3
7662,碨,3
7663,𥔲,3
7664,碹,3
7665,碥,3
7666,劂,3
7667,,3
7668,䴗,3
7669,夥,3
7670,瞍,3
7671,鹖,3
7672,㬎,3
7673,跽,3
7674,蜾,3
7675,幖,3
7676,嶍,3
7677,圙,3
7678,𨱏,3
7679,锺,3
7680,锼,3
7681,锽,3
7682,,3
7683,锾,3
7684,锿,3
7685,镃,3
7686,镄,3
7687,镅,3
7688,馝,3
7689,鹙,3
7690,箨,3
7691,箖,3
7692,劄,3
7693,僬,3
7694,僦,3
7695,僔,3
7696,僎,3
7697,槃,3
7698,㙦,3
7699,鲒,3
7700,鲕,3
7701,,3
7702,鲖,3
7703,鲗,3
7704,鲘,3
7705,鲙,3
7706,,3
7707,,3
7708,𩽾,3
7709,夐,3
7710,獍,3
7711,飗,3
7712,,3
7713,凘,3
7714,廑,3
7715,廙,3
7716,瘗,3
7717,瘥,3
7718,瘕,3
7719,鲝,3
7720,鄫,3
7721,熇,3
7722,漹,3
7723,漖,3
7724,潆,3
7725,漤,3
7726,潩,3
7727,漼,3
7728,漴,3
7729,㽏,3
7730,漈,3
7731,漋,3
7732,漻,3
7733,慬,3
7734,窬,3
7735,窭,3
7736,㮾,3
7737,,3
7738,褕,3
7739,禛,3
7740,禚,3
7741,隩,3
7742,嫕,3
7743,嫭,3
7744,嫜,3
7745,嫪,3
7746,,3
7747,㻬,3
7748,麹,3
7749,璆,3
7750,漦,3
7751,叇,3
7752,墣,3
7753,墦,3
7754,墡,3
7755,劐,3
7756,薁,3
7757,蕰,3
7758,蔃,3
7759,鼒,3
7760,槱,3
7761,鹝,3
7762,磏,3
7763,磉,3
7764,殣,3
7765,慭,3
7766,霅,3
7767,暵,3
7768,暲,3
7769,暶,3
7770,踦,3
7771,踣,3
7772,䗖,3
7773,蝘,3
7774,蝲,3
7775,蝤,3
7776,噇,3
7777,噂,3
7778,噀,3
7779,罶,3
7780,嶲,3
7781,嶓,3
7782,㠇,3
7783,嶟,3
7784,嶒,3
7785,镆,3
7786,镈,3
7787,镋,3
7788,镎,3
7789,,3
7790,镕,3
7791,稹,3
7792,儇,3
7793,皞,3
7794,皛,3
7795,䴘,3
7796,艎,3
7797,艏,3
7798,鹟,3
7799,𩾃,3
7800,鲦,3
7801,鲪,3
7802,鲬,3
7803,橥,3
7804,觭,3
7805,鹠,3
7806,鹡,3
7807,糇,3
7808,糈,3
7809,翦,3
7810,鹢,3
7811,鹣,3
7812,熛,3
7813,潖,3
7814,潵,3
7815,㵐,3
7816,澂,3
7817,澛,3
7818,瑬,3
7819,潽,3
7820,潾,3
7821,潏,3
7822,憭,3
7823,憕,3
7824,,3
7825,戭,3
7826,褯,3
7827,禤,3
7828,,3
7829,嫽,3
7830,遹,3
7831,,3
7832,璥,3
7833,璲,3
7834,璒,3
7835,憙,3
7836,擐,3
7837,鄹,3
7838,薳,3
7839,鞔,3
7840,黇,3
7841,,3
7842,蕗,3
7843,薢,3
7844,蕹,3
7845,橞,3
7846,橑,3
7847,橦,3
7848,醑,3
7849,觱,3
7850,磡,3
7851,𥕢,3
7852,磜,3
7853,豮,3
7854,,3
7855,,3
7856,,3
7857,鹾,3
7858,虤,3
7859,暿,3
7860,曌,3
7861,曈,3
7862,㬚,3
7863,蹅,3
7864,踶,3
7865,䗛,3
7866,螗,3
7867,疁,3
7868,㠓,3
7869,幪,3
7870,,3
7871,嶦,3
7872,,3
7873,𨱑,3
7874,,3
7875,馞,3
7876,穄,3
7877,篚,3
7878,篯,3
7879,簉,3
7880,鼽,3
7881,衠,3
7882,盦,3
7883,螣,3
7884,縢,3
7885,鲭,3
7886,鲯,3
7887,鲰,3
7888,鲺,3
7889,鲹,3
7890,,3
7891,亸,3
7892,癀,3
7893,瘭,3
7894,,3
7895,羱,3
7896,糒,3
7897,燋,3
7898,熻,3
7899,燊,3
7900,燚,3
7901,燏,3
7902,濩,3
7903,濋,3
7904,澪,3
7905,澽,3
7906,澴,3
7907,澭,3
7908,澼,3
7909,憷,3
7910,憺,3
7911,懔,3
7912,黉,3
7913,嬛,3
7914,鹨,3
7915,翯,3
7916,,3
7917,璱,3
7918,𤩽,3
7919,璬,3
7920,璮,3
7921,髽,3
7922,擿,3
7923,薿,3
7924,薸,3
7925,檑,3
7926,櫆,3
7927,檞,3
7928,醨,3
7929,繄,3
7930,磹,3
7931,磻,3
7932,瞫,3
7933,瞵,3
7934,蹐,3
7935,蟏,3
7936,㘎,3
7937,,3
7938,镤,3
7939,,3
7940,,3
7941,镥,3
7942,镨,3
7943,,3
7944,𨱔,3
7945,,3
7946,,3
7947,矰,3
7948,穙,3
7949,穜,3
7950,穟,3
7951,簕,3
7952,簃,3
7953,簏,3
7954,儦,3
7955,魋,3
7956,斶,3
7957,艚,3
7958,,3
7959,谿,3
7960,䲠,3
7961,,3
7962,鲾,3
7963,,3
7964,鲿,3
7965,鳁,3
7966,鳂,3
7967,鳈,3
7968,鳉,3
7969,獯,3
7970,䗪,3
7971,馘,3
7972,襕,3
7973,襚,3
7974,,3
7975,螱,3
7976,甓,3
7977,嬬,3
7978,嬥,3
7979,𦈡,3
7980,,3
7981,瓀,3
7982,釐,3
7983,鬶,3
7984,爇,3
7985,鞳,3
7986,鞮,3
7987,,3
7988,藟,3
7989,藦,3
7990,藨,3
7991,鹲,3
7992,檫,3
7993,黡,3
7994,礞,3
7995,礌,3
7996,𥖨,3
7997,蹢,3
7998,蹜,3
7999,蟫,3
8000,䗴,3
8001,嚚,3
8002,髃,3
8003,镮,3
8004,镱,3
8005,酂,3
8006,馧,3
8007,簠,3
8008,簝,3
8009,簰,3
8010,鼫,3
8011,鼩,3
8012,皦,3
8013,臑,3
8014,䲢,3
8015,鳑,3
8016,鳒,3
8017,鹱,3
8018,鹯,3
8019,癗,3
8020,𦒍,3
8021,旞,3
8022,翷,3
8023,冁,3
8024,䎖,3
8025,瀔,3
8026,瀍,3
8027,瀌,3
8028,襜,3
8029,䴙,3
8030,,3
8031,嚭,3
8032,㰀,3
8033,鬷,3
8034,醭,3
8035,蹯,3
8036,蠋,3
8037,翾,3
8038,鳘,3
8039,儳,3
8040,儴,3
8041,鼗,3
8042,,3
8043,𩾌,3
8044,鳚,3
8045,鳛,3
8046,麑,3
8047,麖,3
8048,蠃,3
8049,彟,3
8050,嬿,3
8051,鬒,3
8052,蘘,3
8053,欂,3
8054,醵,3
8055,颥,3
8056,甗,3
8057,𨟠,3
8058,巇,3
8059,酅,3
8060,髎,3
8061,犨,3
8062,,3
8063,𨭉,3
8064,㸌,3
8065,爔,3
8066,瀱,3
8067,瀹,3
8068,瀼,3
8069,瀵,3
8070,襫,3
8071,孅,3
8072,骦,3
8073,,3
8074,耰,3
8075,𤫉,3
8076,瓖,3
8077,鬘,3
8078,趯,3
8079,,3
8080,罍,3
8081,鼱,3
8082,鳠,3
8083,鳡,3
8084,鳣,3
8085,爟,3
8086,爚,3
8087,灈,3
8088,韂,3
8089,糵,3
8090,蘼,3
8091,礵,3
8092,鹴,3
8093,躔,3
8094,皭,3
8095,龢,3
8096,鳤,3
8097,亹,3
8098,籥,3
8099,鼷,3
8100,,3
8101,玃,3
8102,醾,3
8103,齇,3
8104,觿,3
8105,蠼,3
